channel,check,agency
holostars ホロスターズ - VTuber Group,1,ホロライブ
Ayunda Risu Ch. hololive-ID,1,ホロライブ
アキロゼCh。Vtuber/ホロライブ所属,1,ホロライブ
Noel Ch. 白銀ノエル,1,ホロライブ
Mio Channel 大神ミオ,1,ホロライブ
hololive ホロライブ - VTuber Group,1,ホロライブ
Airani Iofifteen Channel hololive-ID,1,ホロライブ
Anya Melfissa Ch. hololive-ID,1,ホロライブ
Cecilia Immergreen Ch. hololive-EN,1,ホロライブ
Ceres Fauna Ch. hololive-EN,1,ホロライブ
Elizabeth Rose Bloodflame Ch. hololive-EN,1,ホロライブ
FUWAMOCO Ch. hololive-EN,1,ホロライブ
Miko Ch. さくらみこ,1,ホロライブ
Gawr Gura Ch. hololive-EN,1,ホロライブ
Gigi Murin Ch. hololive-EN,1,ホロライブ
Hakos Baelz Ch. hololive-EN,1,ホロライブ
hololive DEV_IS,1,ホロライブ
hololive English,1,ホロライブ
hololive Indonesia,1,ホロライブ
IRyS Ch. hololive-EN,1,ホロライブ
Suisei Channel,1,ホロライブ
Kaela Kovalskia Ch. hololive-ID,1,ホロライブ
Kobo Kanaeru Ch. hololive-ID,1,ホロライブ
Koseki Bijou Ch. hololive-EN,1,ホロライブ
ときのそら,1,ホロライブ
Kureiji Ollie Ch. hololive-ID,1,ホロライブ
Moona Hoshinova hololive-ID,1,ホロライブ
Mori Calliope Ch. hololive-EN,1,ホロライブ
Nanashi Mumei Ch. hololive-EN,1,ホロライブ
Nerissa Ravencroft Ch. hololive-EN,1,ホロライブ
Ninomae Ina'nis Ch. hololive-EN,1,ホロライブ
Ouro Kronii Ch. hololive-EN,1,ホロライブ
Pavolia Reine Ch. hololive-ID,1,ホロライブ
Raora Panthera Ch. hololive-EN,1,ホロライブ
Shiori Novella Ch. hololive-EN,1,ホロライブ
Takanashi Kiara Ch. hololive-EN,1,ホロライブ
SoraCh. ときのそらチャンネル,1,ホロライブ
Tsukumo Sana Ch. hololive-EN,1,ホロライブ
Vestia Zeta Ch. hololive-ID,1,ホロライブ
Watson Amelia Ch. hololive-EN,1,ホロライブ
Subaru Ch. 大空スバル,1,ホロライブ
Nene Ch.桃鈴ねね,1,ホロライブ
Okayu Ch. 猫又おかゆ,1,ホロライブ
Matsuri Channel 夏色まつり,1,ホロライブ
AZKi,1,ホロライブ
Kanata Ch. 天音かなた,1,ホロライブ
Flare Ch. 不知火フレア,1,ホロライブ
Watame Ch. 角巻わため,1,ホロライブ
Hajime Ch. 轟はじめ ‐ ReGLOSS,1,ホロライブ
AZKi Channel,1,ホロライブ
Choco Ch. 癒月ちょこ,1,ホロライブ
Iroha ch. 風真いろは - holoX -,1,ホロライブ
Lui ch. 鷹嶺ルイ - holoX -,1,ホロライブ
Kanade Ch. 音乃瀬奏 ‐ ReGLOSS,1,ホロライブ
Aqua Ch. 湊あくあ,1,ホロライブ
Luna Ch. 姫森ルーナ,1,ホロライブ
Lamy Ch. 雪花ラミィ,1,ホロライブ
Towa Ch. 常闇トワ,1,ホロライブ
Koyori ch. 博衣こより - holoX -,1,ホロライブ
HAACHAMA Ch 赤井はあと,1,ホロライブ
Polka Ch. 尾丸ポルカ,1,ホロライブ
Korone Ch. 戌神ころね,1,ホロライブ
Ao Ch. 火威青 ‐ ReGLOSS,1,ホロライブ
Marine Ch. 宝鐘マリン,1,ホロライブ
Botan Ch.獅白ぼたん,1,ホロライブ
フブキCh。白上フブキ,1,ホロライブ
Shion Ch. 紫咲シオン,1,ホロライブ
Raden Ch. 儒烏風亭らでん ‐ ReGLOSS,1,ホロライブ
Laplus ch. ラプラス・ダークネス - holoX -,1,ホロライブ
Ririka Ch. 一条莉々華 ‐ ReGLOSS,1,ホロライブ
Chloe ch. 沙花叉クロヱ - holoX -,1,ホロライブ
Roboco Ch. - ロボ子,1,ホロライブ
Pekora Ch. 兎田ぺこら,1,ホロライブ
Nakiri Ayame Ch. 百鬼あやめ,1,ホロライブ
Hoshimachi Suisei - Topic,1,ホロライブ
Coco Ch. 桐生ココ,1,ホロライブ
花芽すみれ / Kaga Sumire,1,ぶいすぽっ！
胡桃のあ,1,ぶいすぽっ！
小雀とと / Toto Kogara,1,ぶいすぽっ！
ぶいすぽっ!【公式】,1,ぶいすぽっ！
花芽なずな / Nazuna Kaga,1,ぶいすぽっ！
兎咲ミミ / Tosaki Mimi,1,ぶいすぽっ！
空澄セナ -Asumi Sena-,1,ぶいすぽっ！
橘ひなの / Hinano Tachibana,1,ぶいすぽっ！
八雲べに,1,ぶいすぽっ！
白波らむね / Shiranami Ramune,1,ぶいすぽっ！
英リサ.Hanabusa Lisa,1,ぶいすぽっ！
藍沢エマ / Aizawa Ema,1,ぶいすぽっ！
紫宮るな /shinomiya runa,1,ぶいすぽっ！
猫汰つな / Nekota Tsuna,1,ぶいすぽっ！
神成きゅぴ / Kaminari Qpi,1,ぶいすぽっ！
Tamaki Ch. 犬山たまき / 佃煮のりお,1,のりプロ
鬼ヶ谷 テン / Onigaya Ten,1,ネオポルテ
甘音あむ / Amane Amu,1,ネオポルテ
日裏クロ / Hiura Kuro,1,ネオポルテ
渋谷ハル,1,ネオポルテ
白雪レイドーReid Channelー,1,ネオポルテ
天帝フォルテ / Tentei Forte,1,ネオポルテ
絲依とい / Itoi Toi,1,ネオポルテ
青桐エイト,1,ネオポルテ
水無瀬 / Minase,1,ネオポルテ
八神ツクモ / Yagami Tsukumo,1,ネオポルテ
夜絆ニウ / yozuna niu,1,ネオポルテ
白那しずく,1,ネオポルテ
心白てと / Kohaku Teto,1,ネオポルテ
幽乃うつろ / Kasukano Utsuro,1,ネオポルテ
昏昏アリア / Konkon Aria,1,ネオポルテ
緋月ゆい / Hizuki Yui,1,ネオポルテ
瀬尾カザリ / Ceo Kazari,1,ネオポルテ
久我レオ / Kuga Leo,1,ネオポルテ
空星きらめ/Sorahoshi Kirame【にじさんじ】,1,にじさんじ
Aadya【NIJISANJI IN】,1,にじさんじ
緋八マナ / Hibachi Mana【にじさんじ】,1,にじさんじ
Aia Amare 【NIJISANJI EN】,1,にじさんじ
司賀りこ / Shiga Riko【にじさんじ】,1,にじさんじ
ROF-MAO / ろふまおチャンネル【にじさんじ】,1,にじさんじ
町田ちま【にじさんじ】,1,にじさんじ
長尾 景 / Nagao Kei【にじさんじ】,1,にじさんじ
ラトナ・プティ -Ratna Petit -にじさんじ所属,1,にじさんじ
倉持めると / Kuramochi Meruto【にじさんじ】,1,にじさんじ
立伝都々 / Tachitsute Toto【にじさんじ】,1,にじさんじ
Alban Knox 【NIJISANJI EN】,1,にじさんじ
叢雲カゲツ / Murakumo Kagetsu【にじさんじ】,1,にじさんじ
Amicia Michella【 NIJISANJI / にじさんじ 】,1,にじさんじ
가온 ガオン GAON 【にじさんじ】,1,にじさんじ
Aster Arcadia 【NIJISANJI EN】,1,にじさんじ
不破 湊 / Fuwa Minato【にじさんじ】,1,にじさんじ
Ban Hada | NIJISANJI,1,にじさんじ
北見遊征 / Kitami Yusei【にじさんじ】,1,にじさんじ
小清水 透 / Koshimizu Toru【にじさんじ】,1,にじさんじ
にじさんじ,1,にじさんじ
鏑木ろこ / Kaburaki Roco【にじさんじ】,1,にじさんじ
Claude Clawmark 【NIJISANJI EN】,1,にじさんじ
健屋花那【にじさんじ】KanaSukoya,1,にじさんじ
レイン・パターソン／Lain Paterson【にじさんじ】,1,にじさんじ
来栖 夏芽-kurusu natsume-【にじさんじ】,1,にじさんじ
海妹四葉 / Umise Yotsuha 【にじさんじ】,1,にじさんじ
ルンルン / Lunlun【にじさんじ】,1,にじさんじ
珠乃井ナナ / Tamanoi Nana【にじさんじ】,1,にじさんじ
綺沙良 / Kisara【にじさんじ】,1,にじさんじ
梢桃音 / Kozue Mone【にじさんじ】,1,にじさんじ
ミラン・ケストレル / Milan Kestrel 【にじさんじ】,1,にじさんじ
フミ/にじさんじ,1,にじさんじ
夜見れな/yorumi rena【にじさんじ所属】,1,にじさんじ
魁星 / Kaisei【にじさんじ】,1,にじさんじ
榊ネス / Sakaki Ness【にじさんじ】,1,にじさんじ
ハユン / HaYun 【にじさんじ】,1,にじさんじ
アルス・アルマル -ars almal- 【にじさんじ】,1,にじさんじ
伊波ライ / Inami Rai【にじさんじ】,1,にじさんじ
Derem Kado 【にじさんじ / NIJISANJI】,1,にじさんじ
ジユ / Jiyu 【にじさんじ】 ,1,にじさんじ
佐伯イッテツ / Saiki Ittetsu【にじさんじ】,1,にじさんじ
Elira Pendora 【NIJISANJI EN】,1,にじさんじ
Enna Alouette【NIJISANJI EN】,1,にじさんじ
周央 サンゴ / Suo Sango【にじさんじ】,1,にじさんじ
家長むぎ【にじさんじ所属】,1,にじさんじ
樋口楓【にじさんじ所属】,1,にじさんじ
北小路ヒスイ / Kitakoji Hisui 【にじさんじ】,1,にじさんじ
Etna Crimson【NIJISANJI / にじさんじ】,1,にじさんじ
神田笑一 / Kanda Shoichi【 にじさんじ 】,1,にじさんじ
五十嵐梨花 / Igarashi Rika 【にじさんじ】,1,にじさんじ
星導ショウ / Hoshirube Sho【にじさんじ】,1,にじさんじ
Finana Ryugu 【NIJISANJI EN】,1,にじさんじ
える / Elu【にじさんじ】,1,にじさんじ
セフィナ / Seffyna【にじさんじ】,1,にじさんじ
東堂コハク/ Todo Kohaku [にじさんじ],1,にじさんじ
Fulgur Ovid 【NIJISANJI EN】,1,にじさんじ
ソフィア・ヴァレンタイン / Sophia Valentine【にじさんじ】,1,にじさんじ
雪城眞尋/Yukishiro Mahiro【にじさんじ所属】,1,にじさんじ
Hana Macchia Ch.【NIJISANJI・にじさんじ】,1,にじさんじ
相羽ういは〖Aiba Uiha〗にじさんじ所属,1,にじさんじ
獅子堂 あかり / Shishido Akari【にじさんじ】,1,にじさんじ
早瀬 走 / Hayase Sou【にじさんじ所属】,1,にじさんじ
Hyona Elatiora【NIJISANJI / にじさんじ】,1,にじさんじ
Ike Eveland【NIJISANJI EN】,1,にじさんじ
Klara Charmwood 【NIJISANJI EN】,1,にじさんじ
ローレン・イロアス / Lauren Iroas【にじさんじ】,1,にじさんじ
イ・ロハ / LeeRoha【にじさんじ】,1,にじさんじ
文野環【にじさんじの野良猫】ふみのたまき,1,にじさんじ
Kotoka Torahime【NIJISANJI EN】,1,にじさんじ
先斗寧 / Ponto Nei 【にじさんじ】,1,にじさんじ
天ヶ瀬 むゆ / Amagase Muyu 【にじさんじ】,1,にじさんじ
Layla Alstroemeria【NIJISANJI / にじさんじ】,1,にじさんじ
Luca Kaneshiro【NIJISANJI EN】,1,にじさんじ
鈴木勝 / Suzuki Masaru【にじさんじ】,1,にじさんじ
Luxiem Channel【NIJISANJI EN】,1,にじさんじ
成瀬 鳴 / Naruse Naru【にじさんじ】,1,にじさんじ
Maria Marionette 【NIJISANJI EN】,1,にじさんじ
Meloco Kyoran【NIJISANJI EN】,1,にじさんじ
赤城ウェン / Akagi Wen【にじさんじ】,1,にじさんじ
甲斐田 晴 / Kaida Haru【にじさんじ】,1,にじさんじ
Mika Melatika【NIJISANJI・にじさんじ】,1,にじさんじ
石神のぞみ / Ishigami Nozomi【にじさんじ】,1,にじさんじ
小柳ロウ / Koyanagi Rou【にじさんじ】,1,にじさんじ
Millie Parfait【NIJISANJI EN】,1,にじさんじ
Miyu Ottavia 【NIJISANJI / にじさんじ】,1,にじさんじ
Mysta Rias 【NIJISANJI EN】,1,にじさんじ
グウェル・オス・ガール / Gwelu Os Gar 【にじさんじ】,1,にじさんじ
Nara Haramaung【 NIJISANJI / にじさんじ 】,1,にじさんじ
ナ セラ / Na Sera【にじさんじ】,1,にじさんじ
オリバー・エバンス / Oliver Evans 【にじさんじ】,1,にじさんじ
NIJISANJI EN Official,1,にじさんじ
NIJISANJI ID Official,1,にじさんじ
弦月 藤士郎 / Genzuki Tojiro【にじさんじ】,1,にじさんじ
レオス・ヴィンセント / Leos.Vincent【にじさんじ】,1,にじさんじ
宇佐美リト / Usami Rito【にじさんじ】,1,にじさんじ
Nina Kosaka【NIJISANJI EN】,1,にじさんじ
ヤン・ナリ / Yang Nari 【にじさんじ】,1,にじさんじ
Noor【NIJISANJI IN】,1,にじさんじ
Petra Gurin【NIJISANJI EN】,1,にじさんじ
Pomu Rainpuff 【NIJISANJI EN】,1,にじさんじ
Rai Galilei【NIJISANJI / にじさんじ】,1,にじさんじ
明楽 レイ /아키라 레이 / Ray Akira 【にじさんじ】,1,にじさんじ
飛鳥ひな【にじさんじ所属】,1,にじさんじ
Reimu Endou【NIJISANJI EN】,1,にじさんじ
伏見ガク【にじさんじ所属】,1,にじさんじ
Ren Zotto 【NIJISANJI EN】,1,にじさんじ
Reza Avanluna 【NIJISANJI / にじさんじ】,1,にじさんじ
Riksa Dhirendra【NIJISANJI】,1,にじさんじ
Rosemi Lovelock【NIJISANJI EN】,1,にじさんじ
Taka Radjiman【NIJISANJI / にじさんじ】,1,にじさんじ
轟京子/kyoko todoroki【にじさんじ】,1,にじさんじ
Twisty Amanozako 【NIJISANJI EN】,1,にじさんじ
Uki Violeta 【NIJISANJI EN】,1,にじさんじ
ナギ /  Nagi 【にじさんじ】,1,にじさんじ
Ver Vermillion【NIJISANJI EN】,1,にじさんじ
Vezalius Bandage 【NIJISANJI EN】,1,にじさんじ
黒井しば【にじさんじの犬】,1,にじさんじ
Vox Akuma【NIJISANJI EN】,1,にじさんじ
Xia Ekavira【NIJISANJI / にじさんじ】,1,にじさんじ
ZEA Cornelia【NIJISANJI】,1,にじさんじ
고야미 / Ko Yami 【NIJISANJI KR】,1,にじさんじ
눈보라 / Bora Nun 【NIJISANJI KR】,1,にじさんじ
えま★おうがすと / Emma★August【にじさんじ】,1,にじさんじ
니지산지 / NIJISANJI KR Official,1,にじさんじ
민수하 /Suhaスハ【NIJISANJI】,1,にじさんじ
신유야 / Yuya Shin 【NIJISANJI KR】,1,にじさんじ
이온 / Lee On 【NIJISANJI KR】,1,にじさんじ
채아라 / Ara Chae 【NIJISANJI KR】,1,にじさんじ
한치호 / Chiho Han【NIJISANJI KR】,1,にじさんじ
エリー・コニファー / Eli Conifer【にじさんじ】,1,にじさんじ
《IzumoKasumi》Project channel【にじさんじ】,1,にじさんじ
小野町 春香 / Onomachi Haruka 【にじさんじ】,1,にじさんじ
遠北千南 / Achikita Chinami 【にじさんじ】,1,にじさんじ
鈴木勝の旧Channel【にじさんじ】,1,にじさんじ
白雪 巴/Shirayuki Tomoe,1,にじさんじ
渋谷ハジメのはじめ支部,1,にじさんじ
ルイス・キャミー,1,にじさんじ
壱百満天原サロメ / Hyakumantenbara Salome,1,にじさんじ
星川サラ / Sara Hoshikawa,1,にじさんじ
三枝明那 / Saegusa Akina,1,にじさんじ
天宮 こころ / Amamya Ch.,1,にじさんじ
Kanae Channel,1,にじさんじ
Kazaki Ch. ‐ 森中花咲 ‐,1,にじさんじ
剣持刀也,1,にじさんじ
緑仙 / Ryushen,1,にじさんじ
月ノ美兎,1,にじさんじ
シスター・クレア -SisterClaire-,1,にじさんじ
鈴鹿詩子 Utako Suzuka,1,にじさんじ
四季凪アキラ / Shikinagi Akira,1,にじさんじ
赤羽葉子ちゃんねる,1,にじさんじ
社築,1,にじさんじ
安土桃,1,にじさんじ
鈴谷アキの陽だまりの庭,1,にじさんじ
ドーラ,1,にじさんじ
卯月コウ,1,にじさんじ
♥️♠️物述有栖♦️♣️,1,にじさんじ
宇志海いちご,1,にじさんじ
アキくんちゃんネル,1,にじさんじ
加賀美 ハヤト/Hayato Kagami,1,にじさんじ
夢追翔のJUKE BOX,1,にじさんじ
レヴィ・エリファ-Levi Elipha-,1,にじさんじ
リゼ・ヘルエスタ -Lize Helesta-,1,にじさんじ
戌亥とこ -Inui Toko-,1,にじさんじ
山神 カルタ / Karuta Yamagami,1,にじさんじ
でびでび・でびる,1,にじさんじ
風楽奏斗 / Fura Kanato ,1,にじさんじ
葉山舞鈴 / Ohayama Ch.,1,にじさんじ
ましろ,1,にじさんじ
セラフ・ダズルガーデン / Seraph Dazzlegarden,1,にじさんじ
ベルモンド・バンデラス,1,にじさんじ
魔使マオ -matsukai mao-,1,にじさんじ
ジョー・力一 Joe Rikiichi,1,にじさんじ
渡会雲雀 / Watarai Hibari,1,にじさんじ
西園チグサ / Nishizono Chigusa,1,にじさんじ
フレン・E・ルスタリオ,1,にじさんじ
葉加瀬 冬雪 / Hakase Fuyuki,1,にじさんじ
鷹宮リオン / Rion Takamiya,1,にじさんじ
ニュイ・ソシエール //[Nui Sociere],1,にじさんじ
桜凛月,1,にじさんじ
アンジュ・カトリーナ - Ange Katrina -,1,にじさんじ
奈羅花 - Naraka -,1,にじさんじ
春崎エアル,1,にじさんじ
竜胆 尊 / Rindou Mikoto,1,にじさんじ
瀬戸 美夜子 - Miyako Seto,1,にじさんじ
童田明治-わらべだめいじー-,1,にじさんじ
愛園 愛美/Aizono Manami,1,にじさんじ
雨森小夜,1,にじさんじ
舞元啓介,1,にじさんじ
夢月ロア🌖Yuzuki Roa,1,にじさんじ
Kudou_chitose / 久遠千歳,1,にじさんじ
Kuzuha Channel,1,にじさんじ
椎名唯華 / Shiina Yuika,1,にじさんじ
笹木咲 / Sasaki Saku,1,にじさんじ
本間ひまわり - Himawari Honma -,1,にじさんじ
魔界ノりりむ,1,にじさんじ
Nornis,1,にじさんじ
栞葉るり / Shioriha Ruri【にじさんじ】,1,にじさんじ
渚トラウト / Nagisa Trout【にじさんじ】,1,にじさんじ
早乙女 ベリー / Saotome Berry【にじさんじ】,1,にじさんじ
ピーナッツくん!オシャレになりたい!,1,個人勢
HIMEHINA Channel,1,個人勢
七海うらら*歌channel,1,個人勢
KMNZ,1,個人勢
VΔLZ,1,
石狩あかり/あおぎり高校,1,
Roa Ch. 海月雲ろあ,1,個人勢
hololive DEV_IS ReGLOSS,1,
Speciale【にじさんじ】,1,
七瀬 すず菜 / Nanase Suzuna【にじさんじ】,1,
Ruka Ch. 雨海ルカ,1,
雲母たまこ / Kirara Tamako【にじさんじ】,1,
蝶屋はなび / Choya Hanabi,1,
如月れん -Ren kisaragi-,1,
Akari ch.夢野あかり,1,
甘結もか / Amayui Moka,1,
五木左京 / Itsuki Sakyo【にじさんじ】,1,
或世イヌ / Aruse Inu,1,
酒寄颯馬 / Sakayori Soma【にじさんじ】,1,
プリー【にじさんじの名前で替え歌する黒船提督Vtuber】,0,
焔魔るり CH. / Ruri Enma,0,
EclipPunk,0,
雨霧リアン - ppHz,0,
幸祜 - KOKO -,0,
VALIS,0,
眠鈴 冬花 / Nemuri Touka【Vsinger】,0,
猫乃ユキノ／NekonoYukino,0,
凪原涼菜 / SUZUNA NAGIHARA,0,
松永依織 / IORI MATSUNAGA,0,
Queue,0,
音崎リタちゃんねる,0,
瀬兎一也/SetoKazuya,0,
戸渡あづま,0,
Cocoro Ch by ロート製薬,0,
神月都 / miya ch.,0,
常磐木はた,0,
甘ヶ咲あめ ,0,
芙明真_はすはるま,0,
鈍色聴 / Yurushi Nibiiro,0,
天ノ譜ステラ Stella Ch.【サウンドハウス公認VTuber兼VSinger】,0,
Yoruno Neon Project,0,
爽田こすも / SodaCosmo,0,
東 雪蓮Seren Azuma,0,
一夜すみ【ひとやすみ】,0,
メルシュ -Malstrøm- / mals ch.,0,
龍ヶ崎リン / Rene Ryugasaki【ななしいんく】,0,
Palette Project Channel,0,
神楽めあ / KaguraMea,0,
V.W.P -Virtual Witch Phenomenon-,0,
ころね ぽち -Pochi korone-,0,
小東ひとな / Hitona Kohigashi,0,
式部めぐり / Shikibu Meguri,0,
飴雨あづさ,0,
V-LUP (브이럽),0,
碧唯ネネ Aoi Nene,0,
Ridel.🐰🎤Vsinger,0,
早乙女あずきAzuki Saotome,0,
酉居とさか / TOSAKA-Ch.,0,
月深ツキ -Tsukimi Tsuki-,0,
月影イロハ  / Tsukikage Iroha,0,
響咲祢音   hibisaki neon,0,
柚羽まくら / Yuzuha Makura,0,
ロン・アルメリア,0,
Vivichan / ヴィヴィアン・ケンジントン,0,
MUS1CA,0,
神崎茜 / AKANE KANZAKI,0,
輪廻 - RINNE,0,
笑々ぽな / Nikoniko Pona,0,
紫月るぴ〔Shinotsuki Lupi〕,0,
猫田 なつな / Nukota Ch.,0,
音ノ乃のの / NononoNono,0,
小日向みくる🌼新人VTuber,0,
星飴あゆき-Ayuki Hoshiame-,0,
綾見ユラ / YuraAyami,0,
IRIAM イリアム,0,
魂〃たましぃ / Konkon Tamashii,0,
ステラ・マクダウェル / Stella MacDowell,0,
ぺぺち ch. アーリオ オーリオ エ ペペロンチーノ🧄🌶️,0,
ヰ世界情緒 -Isekaijoucho-,0,
現実みろ / Real Miro,0,
桃寝ちのい / momone chinoi,0,
春猿火 -Harusaruhi-,0,
明透 -ᴀsᴜ-,0,
潮成実,0,
valknee,0,
綴せかい / Tsuzuru Sekai,0,
或夢 - um -,0,
Ageha Kocho / 揚羽胡蝶　【Virtual Rock Singer】,0,
冬雲凜Samui Channel,0,
水影凪 ルカ / Mikanagi Ruka,0,
星田りん　Hoshita rin,0,
雅桜おみ / Gaoh Omi,0,
アメリカ民謡研究会,0,
蜜乃木ジル / JILL MITSUNOKI,0,
ギャラクシー伊藤,0,
敷嶋てとらch.,0,
N,0,
Ichiru Ch.-望月いちる-,0,
まゆり,0,
夜世生 宵 / Yayoi Yoi,0,
Whale Taylor Ch.【ホエール・テイラー】,0,
星影ラピス / 使い魔メァ,0,
YuNi - official channel -,0,
海丑かなたch,0,
多々星 カイリ,0,
Ellise Ch. 艾莉絲,0,
Nemesis ch. 涅默,0,
天和うる / Amawa Uru,0,
浠Mizuki Channel,0,
CHIYURU ch.三日月ちゆる,0,
syunA。,0,
笹ノ音わぽ / Sasanone Wapo,0,
蕗之葉みもざ【秋田弁VTuber】,0,
夜羽咲クロネ / Kurone Yousagi,0,
うつぽよチャンネル+Utsupoyo channel,0,
柘榴シロ@Zakuro shiro,0,
木市ぷゆ,0,
黒咲ルシア / LUCIA CHANNEL,0,
音海コーマ / Angelicca,0,
桜あおい -Aoi Sakura,0,
Serenade Ch. セレナーデ・オックスブラッド,0,
Kon Ch. 朝比奈こん,0,
〆乃 shimeno Ch.,0,
ローゼ・メランコリア,0,
Shairu.chしゃいる,0,
猫添しらたま,0,
LiLY-歌い手Vsinger,0,
ice,0,
白紫茉莉 / Hakushi Matsuri ,0,
星降ヨル / Yoru ch.,0,
野羊杏花,0,
恋白るな / Runa Kohaku ,0,
釣鐘ふうり,0,
ナギ・アストラ[Nagi Astra],0,
兎迷夢々,0,
小愛あむの / Koito Amuno,0,
心眠ねむね Vtuber準備中,0,
Guillotine la poupee〈GiyoDoll〉‖ギヨティーヌラプーペ〈ギヨドール〉,0,
白瀬 雪見👙☃️,0,
織姫はるか / Orihime Haruka,0,
彩歌紫音-Shion Saika-,0,
DELUTAYA Δ.,0,
Aizu Chii,0,
藤ヶ崎カトリーヌ,0,
玖珂ツユネ / Kuga Tsuyune,0,
神崎メイサ / Kanzaki Meisa,0,
雨宮 みやびChannel,0,
Kilia Kurayami Ch. 【EIEN Project】,0,
V立はためた学園@IRIAM,0,
透睡やゆ / Yayu,0,
水ノレヴィ / MizunoLevi,0,
絳ヰサタン / AkaiSatan,0,
Syusetu kohaku/秋雪こはく,0,
てんのくる / tenno kuru,0,
えのぐ -VRアイドル- enogu Ch. ,0,
日ノ本マイ,0,
巡 / meguru,0,
花譜 -KAF-,0,
うらめちゃんねる /あおぎり高校,0,
鈴音れな,0,
Ibuki,0,
NEUN,0,
CULUA,0,
MEDA,0,
Octavio Ch. HOLOSTARS-EN,0,
Parkdona ch. 박도나,0,
Eru Ch. 七瀬える,0,
Aoi ch.,0,
猫元パト / Patoneko Ch.,0,
理芽 -RIM-,0,
VESPERBELL,0,
りゆにおん,0,
Rio Ch. 水無世燐央 - UPROAR!! -,0,
花鋏キョウ*Kyo Hanabasami,0,
YUMENOS【公式】,0,
葉月 れな / Hazuki Rena,0,
MaiR,0,
3SKM,0,
春日部つくし,0,
音兎はなお 🐰🌼 Oto Hanao,0,
CIEL,0,
巫てんり / Kannagi Tenri ,0,
Muan ch.茨むあん,0,
Nemo Channel / 涼海ネモ【ななしいんく】,0,
音子・エネルジコ - Neko Energico - ,0,
明日夢かなえ,0,
はちこ\Hachiko,0,
碧海ヒカル / Hikaru Ch.,0,
Nia Suzune / 鈴音にあ [Requiem],0,
華切かぶれ | Hanagiri Kabure,0,
帛田ヌキ,0,
アエルちゃんねる,0,
獅子宮リオ / Rio Shishimya,0,
安心院 ひおり / Hiori Ajimu,0,
らいとあっぷ公式,0,
ならく / Naraku,0,
しゅがお,0,
Shiki Miyoshino / 美吉野しき【Requiem】,0,
Roca Rourin Ch. idol-EN,0,
樋凪理世 / Hina Riyo,0,
茶柱ゆのみ,0,
Ahiru Ch. 綿宮あひる,0,
君乃あるじ💠🐇,0,
チーシュ・カラメル,0,
萌留みみん /Moeru Mimin,0,
時庭らんぜ / RANZE TOKINIWA,0,
HaliyaVT,0,
Awawa Ch. 白星あわわ,0,
​紫煙くゆるの救済大聖堂,0,
ララ・アラーネア / Lala Ara'nea,0,
NekoHimeLotus,0,
Serafina Ch. 🔸☥ セラフィーナ ,0,
Lily♡Syu,0,
Mirea Sheltzs／ミレア・シェルツ,0,
しゃんぷーらて【公式】個人Vアイドルユニット,0,
YOSHIKA⁂Ch. ,0,
BΣretta Crossrain,0,
Flare Rune - フレア・ルーン,0,
恋獄おとね / Otone Rengoku,0,
Devilith Violustre【黛比】,0,
五十嵐斎 / いっちゃんいっちゃんねる,0,
symphonia 니야 🕳️🎶,0,
Shin Nari ,0,
月宮あお / Tsukimiya Ao 【パレプロ研究生】,0,
叶羽【新人Vtuber 】,0,
スミレヒカリ,0,
乃江瑠パスタてぃっぷす,0,
夏渚まはろ / Nanagisa Mahalo【パレプロ研究生】,0,
愛染アネラ - Aizome Anela -,0,
日本晴ここ / Nihonbare Koko【パレプロ研究生】,0,
Momona ch. 茉白モモナ ,0,
六連星なる / Mutsuraboshi Naru【なるちゃんねる】パレプロ研究生,0,
睡音やよい,0,
優貴肇 / Yuuki Hajime,0,
憂羽うゆ / yuha uyu,0,
UzuMe,0,
カガセ・ウノ / Kagase Uno,0,
儚牙紺 - Kurage Kon -,0,
SOULSYNC | VSinger Duo,0,
Kuri ch.クリチャネル【VTUBER】,0,
唯宵りーな //　Lina ch,0,
Midnight Grand Orchestra,0,
狼朗ハツキ - Rourou Hatsuki -,0,
赤見かるび / Karubi Akami,0,
Jelly Ch. 【Phase Connect】,0,
字ぴろぱる / AZANA PIROPARU,0,
Gavis Bettel Ch. HOLOSTARS-EN,0,
Debirun Ch. Pixela-World-End,0,
Mild-R Ch. Pixela-World-End,0,
T-Reina Ashyra Ch. Pixela-World-End,0,
Xonebu X’thulhu Ch. Pixela-World-End,0,
Beta AMI Ch. Pixela-World-End,0,
Kumoku Tsururu Ch. Pixela-World-End,0,
Karu Ch.【ARP】,0,
EIEN Project,0,
メイカちゃんねる,0,
水瀬 凪/MINASE Nagi,0,
Milk ch. 小城夜みるく,0,
UTANO ch. 白玖ウタノ,0,
初瀬川岬 / MISAKI HATSUSEGAWA,0,
み音* Minon CH,0,
RUKI Ch. 凰牙るき,0,
叶ト実柚 - Kanoto Miyuzu - ,0,
キョンシーのCiちゃん,0,
LOLUET,0,
Figaro,0,
Écho,0,
𓏲𓎨,0,
しぐれうい,0,
柚子花 / yuzuha,0,
pecotiita.ch(ぺこちーた),0,
dtto.,0,
Bathycaphe,0,
葡萄うると / Uluto Etou,0,
IURA TOI ch,0,
 Hikari Hello / 波浪 ヒカリ ch,0,
Fionna fon Engels Ch. 【PROJECT VERSES】,0,
餅付ぬるぽ / Mochituke Nullpo,0,
羽澄さひろ / Hasumi Sahiro,0,
Met Channel / 小森めと ,1,
のなめぷろだくしょん,0,
ワタツミ - watatsumi -,0,
NoWorld Official,0,
音ノ乃のの / NononoNono ,0,
Alpha Betta,0,
Tororo Ch. 猫麦とろろ,1,
Raian Valerius Ch.【DAYBREAK】,0,
Meroro Kaneiro / 鐘彩めろろ,0,
音ノ瀬らこ / Otonose Raco,0,
あかしっくぷろだくしょん,0,
獅子神レオナ/レオナちゃんねる,0,
夢川かなう - Kanau Yumekawa,0,
シャルエ / Charue,0,
惡ノろく / AkunoRock,0,
くるくるせいらんどCh,0,
RioFukai,0,
碧井路　ゆゆゆ,0,
つのchang Sleep,0,
Listen Ch.【ARP】,0,
Ayna Ch.【ARP】,0,
Asteroth Ch.【ARP】,0,
Solar Ch.【ARP】,0,
明智光月 / akechi mitsuki,0,
Nanoha。channel,0,
七凪セナ / Nanagi Sena,0,
北千住千洋 / Chihiro Kitasenju,0,
Rikka ch.律可,0,
天羽しろっぷ 【Amau Syrup】,0,
七次元生徒会,1,
洛可洛斯特Loco Lost,0,
燈花ふゆ / ToukaFuyu 【書店員VTuber】,0,
報 Mukui,0,
カルロ・ピノ,0,
逢魔きらら / Omakirara,0,
日あさ寝 / Hiasane,0,
白河しらせ / SHIRASE SHIRAKAWA,0,
쿠레나이 나츠키 Kurenai Natsuki,0,
스텔라이브 StelLive Official,0,
아이리 칸나 Music Official,0,
Eri Ch.紅記えり,0,
Cassian Floros【FIRST STAGE PRODUCTION EN】,0,
Mixstgirls / ミクスト公式,0,
渚沢シチ / Shichi Channel【ミクスト】,0,
Henya the Genius,0,
 宗谷 いちか / Ichika Channel【ななしいんく】,0,
領国つかさ / Tsukasa Ryogoku,0,
Raki Kazuki Ch.【PixelLink】,0,
Miuna Usako Ch.【PixelLink】,0,
Lottie Shinju Ch.【PixelLink】,0,
Daiya Fortuna Ch.【PixelLink】,0,
Kanna Yanagi Ch.【PixelLink】,0,
Arisu Oshiro Ch.【PixelLink】,0,
Aimee,0,
Mimosa Shirosaki ,0,
惺 / satoru,0,
아오쿠모 린 AOKUMO RIN,0,
텐코 시부키 TENKO SHIBUKI,0,
하나코 나나 HANAKO NANA,0,
아카네 리제 AKANE LIZE,0,
イバラ・デビルローズ Ibara ch. ,0,
半島 キタ / nakajima kita,0,
Algorhythm Project,0,
Quentin Ch.【ARP】,0,
Ginnique Ch.【ARP】,0,
Morr Ch.【ARP】,0,
Aosora Popo Ch.【ARP】,0,
夢入イリム,0,
노이 / Noi 【V-LUP】,0,
ざっく,0,
月白 累 / Geppaku Lui,0,
黒燿リラ / KOKUYOU LIRA,0,
怪盗少女ミル Mil Ch.,0,
rachie 🎀💌,0,
Yuko Yurei Ch. idol-EN,0,
Rin Penrose Ch. idol-EN,0,
叉耽 る魔,0,
魔ノむえる -Mano Mueru-,0,
玉餅かずよ / Tamamochi Kazuyo,0,
nah Channel なーちゃんねる,0,
Mecori,0,
Wazurai Ch.  患愛ココロ / わずらいこころ,0,
Aiobahn,0,
noe.ch姫乃のえ【Himeno Noe】,0,
Uge Channel / 杏戸ゆげ 【ななしいんく】,0,
琴宮いおり / Iori Channel【ミクスト】,0,
鶴乃つる - Tsuruno Tsuru -,0,
薬袋ミル / MinaiMiru,0,
小鈴りあん / Lian Channel【ミクスト】,0,
Chogakusei Official,0,
響木アオ-HibikiAo-,0,
かすみみたまの現世幻談チャンネル【怪談系幽霊VTuber】,0,
鉄乃クサリ✦終末放送局,0,
吸血きあり,0,
雅楽代ましろ\UtashiroMashiro,0,
栗山やんみ,0,
めもあ / Memoa,0,
山奈しずく-Yamana Shizuku-【ユニプロ】,0,
堕♡愛オジョ / darome ojyo,0,
wisteriairoha,0,
箱乃なかみ / Hakono Nakami,0,
白砂つな Tsuna Ch.,0,
レミュル Remyle ch,0,
ひかゆちゃんねる,0,
残留しねん,0,
Ciel Ch. 鍵宮シエル,0,
あくび・でもんすぺーど / Akubi Demonspade ,0,
Mico Channel / 堰代ミコ【ななしいんく】,0,
碧光 シシェル / Aomitsu Shisyeru,0,
V Murra,0,
Nizu Guitar Ch. 弦星ニズ,0,
常勝無敗ぐぬぬ,0,
天吹サン / San Channel【ミクスト】,0,
Noshime Mena,0,
栃宮るりは -Tochimiya Ruriha- 【ユニプロ】,0,
Lime Ch. 紫電ライム,0,
Uyu Ch. 羽継烏有 - UPROAR!! -,0,
メガミノウタゲ,0,
桃瀬にな / Nina Momose,0,
堕天しすた Shisuta Ch.,0,
いずれ菖蒲か杜若,0,
猫森 すてら,0,
伊月知世 / CHISE ITSUKI,0,
獅子姫ろみおChannel -Romio Ch-,0,
ねくろ / necro,0,
Joint Beauty,0,
カグラナナchannel／ななかぐら,0,
Phase Music,0,
さなちゃんねる,0,
ゆらぎゆら / YuragiYura🌙🫧,0,
Izuru Ch. 奏手イヅル,0,
空奏イト / Ito Channel【ミクスト】,0,
雪白キャル / Qalu Channel【ミクスト】,0,
星乃りむ / Rimu Channel【ミクスト】,0,
成海ミャオ / Myao Channel【ミクスト】,0,
ChumuNote #チュムノート,0,
空想庭園,0,
Rubiana*ch. ルビアーナ,0,
たろぽっぷ + //.taroPoP,0,
Kiki Channel / 紫水キキ【ななしいんく】,0,
Charlotte Channel / 島村シャルロット【ななしいんく】,0,
Anco Ch. 白玉あんこ,0,
雪乃森えま,0,
拠鳥きまゆ,0,
꒰ঌ堕楽天かるら໒꒱‪‪ // ℕ𝕠𝕧𝕖𝕝𝕃𝕚𝕧𝕖,0,
Nora Ch. 従井ノラ,0,
稍 麦 - yayamugi -,0,
左龍院シエラ,0,
大罪悪魔ぎるてぃちゃん / Big Guilty Akuma Guilty Chan,0,
れっつま。烈芝麻。@新人Vtuber【SODAART】,0,
稀羽すう - Suu Usuwa -,0,
来栖える / Kurusu Eru,0,
nqrse,0,
鷲羽アスカ / Washu Asuka,0,
兎彷魂あみゅ Amyu Ch.,0,
FIRST STAGE PRODUCTION,0,
惑世いと - wakuse ito-,0,
天川はの/AmakawaHano,0,
イザナギ・エルヴァ / IZANAGI ELVA 【Vtuber】,0,
乙女もか Ch.,0,
ひとときの春を君に,0,
Muni ch. 眠音むに,0,
儚音ルイ Hakana Rui,0,
愛蕾 / Mele,0,
Kusuri Maibyou,0,
曇音ルカ【Anne Ruka】,0,
Sakura CH.餅々さくら,0,
Nachoneko ,0,
水縹そまる / somaru,0,
初月ルカ /  Mikazuki Luca ,0,
夢水るるあ / Yumemi Rurua,0,
人畜無害な口貝さん,0,
繭玉 ザクロ / Mayutama Zakuro,0,
天使うと,0,
陽音ひより【Haruno Hiyori】,0,
Tatsumi Koto ch -Vsinger-,0,
アイドルマスターチャンネル,0,
肆ノ島來世 / Shinoshima Raise,0,
picoco《ピコッコ》,0,
あくまのゴート,0,
さよなか,0,
Haneru Channel / 因幡はねる 【ななしいんく】,0,
夕月ティア Ch / Vsinger,0,
魔光リサ - Lisa Makoh -,0,
銀河系アイドル⭐サニャの成長日記 (Sanya's Growth Diary) 【公式チャンネル】,0,
レグルシュ・ライオンハートReglush Lionheart,0,
万鬼夜行,0,
朝ノ姉妹ぷろじぇくと,0,
CrosSing,0,
なるり / 進研ゼミ公式Vティーチャー,0,
Yuki,0,
凛々咲 / Ririsya,0,
胡虎あくび /kotora aqbi,0,
I NO's Ch. ⦅あいのーず⦆,0,
えんどるふぃ / Endoluphy,0,
みそらみみ,0,
ΑΙΔΗΣ-アイデス,0,
LiLYPSE-リリップス,0,
花京院ちえり,0,
エトラ / étraチャンネル,0,
Maga Ch. 間牙みつき,0,
藍月なくる / Aitsuki Nakuru,0,
花咲アヤメ,0,
mokz Channel [ もくず ],0,
Xyrine,0,
Kon Pon Ch. こんぽんちゃんねる,0,
ファム・ファタル - (f)EMME FATALE,0,
紫吹まゆ ch. クロマチックハーモニカ,0,
夢限大みゅーたいぷ,0,
瀬戸ぽんず / Seto Ponzu Ch,0,
天唄サウ / amauta sau,0,
理原ひなり- Hinari Ch.-,0,
デラハド,0,
VOLTACTION,0,
Temma Ch. 岸堂天真,0,
猫瀬乃しんNekozeno Shin,0,
風街ピリカ / Kazemachi Pirika,0,
市松寿ゞ謡 IchimatsuSuzuka,0,
Rui Channel / 瀬島るい 【ななしいんく】,0,
Loki Ch. 巫ロキ 【Phase Connect】,0,
ミウラクマ / MiuraKUMA,0,
華白ユピア / Yupia Ch.,0,
Tefu Ch. 馬鹿蝶,0,
N-TO,0,
花ノ木まる ✿ Hananoki Maru,0,
宇佐音のあ -Usane Noa-,0,
多間硝子 / Tama Shoko,0,
ネモ・テルミナス,0,
たまこ。Ch./あおぎり高校,0,
Harnel Ch. ハーネル・グウテン,0,
アルバ・セラ / Alba Sera,0,
九來 / 99l2u Ch.,0,
桜ノ宮レイ / DEALS CASINO,0,
QuonTama Ch. 久遠たま,0,
偉雷アマエ / Erai Amae,0,
【公式】アイマリンプロジェクト,0,
めろふぃにてぃ,0,
もこめめ*channel,0,
早紅夜(sakuya)@津軽三味線VTuber,0,
リミ / Limi 【V-LUP】,0,
天神 子兎音 Tenjin Kotone,0,
Mari Channelかしこまり,0,
天丸ラキ / Tenmaru Raki,0,
shiduki senaCh.紫槻セナ,0,
めいちゃん,0,
Lucia,0,
斎木こまり SaikiKomari,0,
MAISONdes -メゾン・デ-,0,
鈴莉れん / Ren Suzuri,0,
蜂屋ひまわり-Himawari Hachiya-,0,
美星メイ ☆Mihoshi Mei☆,0,
ゆにれいど !【公式】,0,
Cross CH. 禰󠄀月くろす,0,
Mew Garcia / ミュウ・ガルシア,0,
言のハ-Cotonoha-,0,
緋墨 / Hisumi,0,
purple / Haze,0,
ぷろぽりす幸子,0,
八百アオヰ / Yao Aoi,0,
みさとらんRan Ch.,0,
Aomiya Yozuri Ch. 蒼宮よづり,0,
Linon ch. 天籠りのん,0,
雨庭やえ / AMENIWA YAE,0,
白粉いと,0,
Oumua ch. 埃穆亞,0,
針山らて,0,
澪Rei Channel,0,
Michi Mochievee,0,
七八くまの ch.,0,
Hakuno Imasaka,0,
夢ぷかり / Pukari Yume,0,
歪果ヨドミ『yodomi ibituka』ジト目ゴーグルVsinger,0,
瑞姫アリスTamaki Alice,0,
Chris Channel / 獅子王クリス 【ななしいんく】,0,
ユプシロン / Yupsilon,0,
九条 林檎【Kujo Ringo Official】,0,
ラティオ・ユィリスOfficial,0,
May Channel / 狼森メイ 【ななしいんく】,0,
ディノス・チラノ,0,
VEE official channel,0,
鼓拍 / cohaku,0,
雪白レイラ / Yukishiro Reira,0,
Runie Ch. ルニ・ルーズ【Phase Connect】,0,
Uruka Ch. 藤倉ウルカ 【Phase Connect】,0,
ぜったい天使くるみ,0,
Clara Ch. 歌美鳴クララ 【Phase Connect】,0,
Namiji Freesia Ch. ナミジ・フリージア【kawaii】,0,
幽々ゆら / Yu-yu-Yura,0,
宵夢 ふわむ【Fuwamu Ch.】,0,
御神楽すずめ / Mikagura Suzume,0,
咲真あきら / Sakuma Akira,0,
メラ・アカル　MelaakaruVtuber,0,
Iku Hoshifuri / 星降いく【Cosmia】,0,
TEMPLIME,0,
出雲こころ,0,
虎珀ガオ,0,
PIEDPIPER,0,
ironmouse,0,
瀬戸乃とと,0,
HACHI,0,
Saya Ch. サヤ・サイロクサス 【Phase Connect】,0,
Eimi Ch. 勇エイミ【Phase Connect】,0,
陽月るるふ / Hizuki Rurufu,0,
블리즈 VLYZ,0,
幽幻士ジス / Jis ch.,0,
まふまふちゃんねる,0,
春茶,0,
がんばるぅ子 RUUKO CHANNEL,0,
alive liveーVTuber Group,0,
燦鳥ノム - SUNTORY NOMU -,0,
アズマリム Azumalim,0,
星めぐり学園,0,
バンドリちゃんねる☆,0,
Hanon Ch. 香鳴ハノン【パレプロ】,0,
家庭用ロボアイゼン,0,
Miori Celesta,0,
hisui,0,
HoneyWorks OFFICIAL,0,
ଳをとは,0,
ぽんぽこちゃんねる,0,
繆・索緹絲 / Sotis Ch.,0,
ドロドロ,0,
somunia,0,
ななしいんく公式チャンネル,0,
心咲 ⁄ ᴋᴏᴇ ∅.･,0,
ぺるぽ Perupo Ch.,0,
萬金丹チカ子_書店員VTuber,0,
祭茉莉花-まつり まつりか-,0,
LAUTRIV,0,
ChroNoiR,1,
Miyabi Ch. 花咲みやび,0,
ときなの巣箱【TOKINA Channel】勝手に新潟宣伝大使🐣🌾越後屋ときな,0,
詠凪きなり -Kinari Yonagi-,0,
使いません,0,
錦アオイ🐟Vsinger,0,
白乃ねこり🎀-shirononekori-,0,
言ノ葉みくろ / Mikuro Kotonoha🍨🍦,0,
後世ふゆう / Fuyu Nochinoyo Ch.,0,
古中ヤコ-Yako Konaka-,0,
水科葵ソロプロジェクト,0,
Yosuzu Channel / 夜鈴,0,
にじゅな / Nijyuna,0,
水音 らい / Mioto Rai,0,
やのぼしよはてYanoboshiyohate ch,0,
VERSEⁿ,0,
カシ・オトハ / Kashi Otoha,0,
PROJECT IM@S vα-liv / ヴイアラ【876プロ】,0,
イザナミノミコト,0,
ぷわぷわぽぷら /あおぎり高校,0,
Makai En Ch. 魔灰えん,0,
VShojo,0,
エトソラ / etosora,0,
天鬼ぷるる - Amaki Pururu -,0,
雛見沢くるみ@旅するVtuber,0,
蒼星すい,0,
春歌みこと Mikoto Haruka【シアーミュージックV】,0,
ANiDoLL - animal+idol+doll 新時代の2.5次元アイドルユニット,0,
天海くりね Kurine Ch.,0,
エルぽきちゃんねる!,0,
松本吉弘-まつもとぐみ,0,
るみなす・すいーと【LUMINOUS Ch】,0,
épeler / エプレ,0,
高山企鵝 : Takayama Kiga,0,
シンスヴィアシスターズ【Synthvia Sisters】,0,
RaNa,0,
月ノ宮よる,0,
Alia Ch. アリア･ダヴ,0,
MIONch.蒼羽未音,0,
Vanta Arissa Ch. ,0,
甘狼このみ / AmakamiKonomi🐺🍫,0,
朝倉杏子 / ANKO ASAKURA,0,
Blue Journey,0,
Re:fAce Music Production,0,
Rei ch. 鎖夜 靈,0,
ガッチマンV,0,
Watakan Ch. 綿菓子かんろ,0,
Nihachi. にはち,0,
マイティ・モフリア / Mighty Moflia【ぐらぶい】,0,
桜鳥ミーナ / Audrey Mina,0,
芽森つむぎ / Memori Tsumugi,0,
星宮うらな / Urana Ch.,0,
バブル・ブリエル / Bubble Brielle【ぐらぶい】VTuber,0,
むんもっしゅ,0,
Fuma Ch. 夜十神封魔 - UPROAR!! -,0,
存流 -ᴀʀᴜ-,0,
月ノ輪乃愛,0,
Banzoin Hakka Ch. HOLOSTARS-EN,0,
ナナヲアカリ OFFICIAL,0,
Nana Asteria Ch. アステリアなな,0,
海野みうCh.*,0,
Kotori Ch.花鳥ことり🌸🕊‎,0,
いなみこ,0,
芽吹マコト-Makoto Mebuki-,0,
天瀬ミア / Mia Ch.,0,
苺咲べりぃ / Maisaki Berry,0,
皇 美緒奈 / MIONA SUMERAGI,0,
聖々良しきの / Shikino Sesera,0,
AiceClass (あいすくらす) - OFFICIAL,0,
七篠さよ-Nanashino Sayo-ch.,0,
#KTちゃん / #KTCHAN😎🍭,0,
天使代行ラングドシャchannel,0,
侑夢うゆ -yuuyu-,0,
熊枕くらり / Kurari Kumakura,0,
Cybill / シビル,0,
ヒト≒アラズ / HITONIARAZ,0,
Alva / アルバ,0,
Miran Ch. 天羽音みらん,0,
ミレニア・ニル・ドラクレア,0,
空猫くるみ -Soraneko Kurumi-,0,
薄荷 爽凛 - Hakka Sawari -,0,
風見くく /  Kuku Channel 【ななしいんく】,0,
涼矢ゆみめ,0,
Varium‐ぶいありうむ,0,
室町ナナ / Nana Muromachi,0,
夜巡ハナ / Hana Yomeguri Ch,0,
清藤 おとめ,0,
TSUMIKO (人生つみこ) -Vsinger-,0,
瓦西瓦瓦 Vaswawa,0,
RineiroN -︎︎りねいろん- オフィシャルチャンネル,0,
Kulaku Lie ch.九楽ライ,0,
ゆいまるちゃん,0,
Michiru Ch. 紫翠みちる【Phase Connect】,0,
カルマ・カラット / Calma Carat,0,
いちたすいち ‐ Official Channel -,0,
Futakuchi Mana | 二口魔菜,0,
Susanoo Ch. 風吹スサノオ【活動終了】,0,
上乗 恋/REN CHANNEL,0,
しゅびぃ,0,
五木つかさ【itk_tks】こちらに引っ越ししました,0,
汀 御景 / Migiwa Mikage,0,
ラヴカ💎ラピス,0,
あおばかなで,0,
バーチャルたぬき ぶんぶく- Bunbuk -,0,
Dupli City - eilie -,0,
Rui Ch. 三森ルイ,0,
おめがシスターズ [Ω Sisters],0,
水鏡いるか- Mizugami Iruka -,0,
Sifneos. - シフネス -,0,
Guren Ch. 朱雀紅蓮🌹🎸,0,
nyankobrq,0,
月添まりも,0,
いのりきりか / Inori Kirika,0,
夕影ミコトの文化喫茶アリエス,0,
獏ウテナ,0,
包夢餡子 / Tsutsumu Anko,0,
鳳儚 Hakana Ch.,0,
 ソフィ・ローズ Sophie Ch.,0,
小日向千虎 Chiko Ch.,0,
アビスch. Abyss Song Syndrome,0,
メタばあちゃん_MetaGrandma,0,
神家胡蝶ch -kamiyakocyo- ,0,
五月アオバ【Satsuki Aoba】,0,
魔鹿つの / Mazika Tuno,0,
蜜眼てんじゅ,0,
菫ヨスガ,0,
望月のあ,0,
Project zia,0,
「月白刻人-Tsukishiro Kokuto- 」,0,
くまのこぴぴこ-Vtuber【ピクセルポップ】,0,
桜樹みりあ,0,
骸リノア／Mukuro Rinoa Ch,0,
Cocon papillon ‐ココンパピオン‐,0,
なぞのサブ,0,
Ion Lithos -official-,0,
riyu.ch.,0,
PiaPiUFO,0,
歌与ポメのちゃんねる,0,
神来はる,0,
Alia Adelia【MAHA5】,0,
アメミヤチカ from Remuria,0,
浮遊信号,0,
shirose aoiCh.白瀬 あおい / めるれっと,0,
Iekushi Chapipi Ch. [VSinger | VTuber],0,
さもちゃんねる,0,
Marpril Channel,0,
久々湊るい - Kugumi Rui -,0,
奇屋敷ゾンゾン / kiyashiki zonzon,0,
SODA KIT,0,
SUGAROCK,0,
ひとなつおもい / Hitonatsu Omoi,0,
Re:ELLA Station,0,
Eisnebel ch. 冰霧,0,
Kumosuki ch. 雲隙光,0,
xxhacucoxx ch. 白白虹,0,
Earendel ch. 厄倫蒂兒,0,
百瀬ヒバナ- Hibana Momose,0,
haju:harmonics | ハユ,0,
澪影メリア / Mikage Melia,0,
天満ニア / Amama Nia,0,
EMOVE,0,
流星のサイトシーイングOfficial,0,
兎々錦サキ - Saki Totoki -,0,
Baku Ch.【ARP】,0,
涼宮みんと | Minto Suzumiya,0,
Хиган,0,
茶柱ノキ / Chabashira Noki,0,
吉良リリー / Kira Lily ,0,
べあもりゆるも,0,
霧海みら / mira kiryu,0,
Shion Lee,0,
雪尾紺 / YukioKon Ch.,0,
なぽり・くるん‐Napori Kurun Ch.‐,0,
桃犬りんぉ🐶໒꒱,0,
山形県eスポーツ連合,0,
音咲アリン / Otosaki Arin,0,
乙女ノ浪漫-OtomeNoRoman-,0,
HOLOSTARS English,0,
響かさね / Hibiki Kasane,0,
Jurard T Rexford Ch. HOLOSTARS-EN,0,
比羽沢れいら-Hiuzawa Reira,0,
凪乃ましろ / Nagino Mashiro,0,
Nimu ch. 野村にむ,0,
琥珀ねね / Kohaku Nene,0,
FAKE TYPE. (TOPHAMHAT-KYO & DYES IWASAKI),0,
Mary Channel / 西園寺メアリ【ななしいんく】,0,
Rairi ch. 小滝らいり,0,
綺羅山りん / Rin Kirayama,0,
Kiritsuki Lil / 霧月リル ,0,
椎名 菜羽／nano ch.,0,
図月つくる TSUKURU channel,0,
竜姫エナ / Ena Ryuhime,0,
Nekoyama Mia ch. 猫山みあ,0,
仲町あられ -Nakamachi Arale- / 夢限大みゅーたいぷ,0,
Mokoko Ch * 萌中もここ,0,
るしえ / ChanneLucie.,0,
和はお ｰNagomi Haoｰ,0,
夢河どりむ,0,
遊流 /  Yuru Channel🌎,0,
恣ノ宮うか 🎀 Shinomiya Uka,0,
潤主アシュリ  Vsinger / ASMR,0,
鶴羽衣子-Turu uiko-,0,
希音らら / Hiyori Lara,0,
Jun Ch.千堂じゅん,0,
中岡なあか,0,
沫雪ゆうり Yuri_awayuki,0,
猫目石 ネモ / Nemo Nekomeishi,0,
縫薔薇いと -Nuibara Ito-,0,
猫日和きゃりこ[VRsinger],0,
Toiki Ch. 夜想といき,0,
水城あくあ / Akua Channel,0,
百軒カナリ - Momonoki Kanari -,0,
JOHNNY HENRY,0,
PHAZE,0,
Merune Ch. 水戸河めるね,0,
コトリル Ch.,0,
sumeshiii a.k.a.バーチャルお寿司,0,
魔法少女シュネー,0,
僕らのオープニング,0,
ネロクロスファイアOfficial,0,
PHANTOM,0,
オトノハリノ / otonohalino,0,
Phase Connect,0,
Rie Ch. 姫宮りえ【Phase Connect】,0,
Ember Amane Ch. 【Phase Connect】,0,
鈴澪イラ,0,
逢魔 ロト / Oma Roto,0,
네네코 마시로 NENEKO MASHIRO,0,
시라유키 히나 SHIRAYUKI HINA,0,
아야츠노 유니 AYATSUNO YUNI,0,
Yuyu Ch.杏璃ゆゆ,0,
睦月ねも / Mutsuki Nemo,0,
彩華すゞり / Iroha Suzuri,0,
CLOHAN - 黒斑 -,0,
LUCASの存在。,0,
Polaris Nox,0,
ルチア・ラエティティア / Lucia Laetitia,0,
二人静すむ委員会,0,
Petann Stunn,0,
ねこれ,0,
みたにみく,0,
ノア・ポラリス -Noa Polaris-,0,
Hoku Ch.,0,
Evalia Ch.【ARP】,0,
うてぃやん【観葉植物Vtuber】,0,
BingHayu ch. 빙하유 ,0,
Leeani ch. 이아니_,0,
Resh,0,
星宮とと,0,
九十九みな(兵庫県神戸市ご当地VTuber),0,
樫野創音,0,
小宵 (貝と蜃気楼),0,
Akuma Nihmune Ch,0,
姫咲ゆずる / Himesaki Yuzuru,0,
Shien Ch.影山シエン,0,
駄ゞ田メダ／Dadada Meda,0,
KAMITSUBAKI STUDIO,0,
Patra Channel / 周防パトラ,0,
パン野実々美,0,
Lemuel Ragna X',0,
Poru Ch.【ARP】,0,
笹百合ねね / Vtuber,0,
ひかり - Hikari -,0,
村田川こまちMuratagawa Komachi,0,
戌杜いたる / Inumori Itaru,0,
エコー・プラネット,0,
yosumi,0,
小夏みなも ୨୧ Konatsu Minamo ,0,
花丸はれる / Hareru Hanamaru,0,
小鈴-xiaoling-,0,
鷹森ツヅル,0,
Shitora ch. 涼風しとら,0,
ヤマト イオリ,0,
ISA's SONGROOM,0,
Guiano,0,
愛奏ルミナ / あいす るみな,0,
Yuhi Riri Official,0,
天望りく -Ameno Riku-,0,
星乃兎☆HoshinoUsagi,0,
花奏 かのん / Kanade Kanon ch【ななしいんく】,0,
水魚みぃむ / Mio Miim,0,
にぅいちゃん@VTuber,0,
音ノ癒 いろは / Otonoyu Iroha,0,
雪餅ののめ -yukimochi nonome.ch-,0,
ぼっちぼろまる,0,
이주인 / イ・ジュイン 【V-LUP】,0,
ややのお羽根屋さん,0,
美睡シュカ - Syuka Bisui -【活動終了】,0,
Sakura Himegimi Ch. 姫君さくら,0,
八目蜘ミュウ-Yamekumo Myu-,0,
Canna Channel / 茜音カンナ【ななしいんく】,0,
森森鈴蘭 / Lily Linglan【箱箱The Box所屬】,0,
天絆ささは / Amatsuna Sasaha,0,
Tyra Ch. 宙月ティラ,0,
Cianguin,0,
詩依,0,
神咒まりあ(from 神咒~Kajiri~) Vsinger,0,
喜々ミミ KikiMimi Ch.,0,
飯田ぽち。【Iida Pochi.】,0,
蒼-Aoi-,0,
シスターソニア Ch.,0,
TOCORO十【JPN VSinger】,0,
Akane Ch. 七福あかね,0,
えぴたまご- Epitamago -,0,
成瀬センリ / Naruse Senri,0,
Tencho Ch.  萌水 団,0,
Hinano ch. 魔城ひなの❤︎,0,
久遠なつめ　natsume channel[あすプロ所属],0,
真白ぽん -Mashiro Pon-,0,
雲母ミミl KiraraMimi,0,
宇佐野ルル,0,
七藤ちはね / Nanafuji,0,
Cecil Ch.月城セシル,0,
ルーヴ・リシャール / Louve Richard,0,
はなまるレコード,0,
さざなみセレナ Serena Sazanami,0,
稲守サクヤ / Sakuya Inamori,0,
Nuino Ch. 心羽白ぬいの,0,
YukaSaku Ch.,0,
YSS【VR音楽ユニット】,0,
Riel Ch. 桃園りえる,0,
鴉紋ゆうく / Amon Yuuku,0,
メロン・セルツ / Melon・Seltz,0,
餅野きい,0,
Nayu ch. 雛汰なゆ,0,
keita ch / けいたの実験室,0,
星ノ美夜 ぴぴ,0,
ホム・レス,0,
Elegia Monet Ch.,0,
MegRi 星乃めぐり,0,
華宮愛音-Ao hanamiya-,0,
りこえるちゃんねる,0,
繭糸 - mayui,0,
稚田 水鈴-ちだみれ-,0,
薄荷あをい - hatsuka awoi -,0,
GEMS COMPANY公式チャンネル,0,
memex,0,
Aruran Ch. アルランディス,0,
三兎己メウ / みつうさめう,0,
Clorea Ch. クロス・クローリア,0,
ななひら / Nanahira,0,
【Re:AcT /リアクト】公式チャンネル,0,
結城 茉莉亜,0,
yama,0,
えずき Ch.,0,
ここねはゆ -Cocone hayu-,0,
明日葉シキ -Ashitaba Shiki-,0,
紫花チノ-Chino AIka-,0,
Anko Channel / 季咲あんこ 【ななしいんく】,0,
メトロミュー / ECLAIR GROOVE,0,
熊谷 重吾,0,
Machina X Flayon Ch. HOLOSTARS-EN,0,
Axel Syrios Ch. HOLOSTARS-EN,0,
葦原ヨミのよもつひらさか,0,
Azur Lane Official - Yostar,0,
歌星カノン-UTAHOSHI KANON-,0,
Nonetrupo,0,
シキシャ・メルツェル / Shikisha Merzel,0,
合法‼︎バツ子ﾁｬﾝBatsuko,0,
転生こもち【Mochicoro Ch.】(もちころちゃんねる),0,
天澪るしぇ,0,
Kitten Party,0,
ついん♡あらも〜ど,0,
ZONA Ch.,0,
にじいろマーチ,0,
Nima ch.  紅廻にま ,0,
Noluna Ch. 閃光ノルナ,0,
个亞巫めい(こつぶめい) / Mei Kotubu,0,
何都エア / Izuko Air,0,
Enomiya Milk Ch. 愛宮みるく,0,
Rukako Channel / 大浦るかこ 【ななしいんく】,0,
ヌコメソーセキ,0,
桃田もも - Momota Momo -,0,
芽唯 - mei -,0,
ギンクル パンケーキキャッツ,0,
まわるちゃん,0,
花風りん / Hanakaze Rin,0,
Hoonie friends,0,
彩雲のの - Nono Ayamo -【活動終了】,0,
Kero Ch. 雨音けろ,0,
魔王トゥルシー / Tulsi-Nightmare Madness IV,0,
まいたけ -Maitake-,0,
常世めぐる / Meguru tokoyo,0,
Mycara Melony Ch. Pixela-Mystic,0,
ククルア・クレイユ - Coucourua Creil -,0,
Novalis ／ ノヴァリス【Vtuber】,0,
astel ch.アステル,0,
白夢ラムル【shirayume lamru】,0,
Ruki Otokado 音門るき [VEE],0,
米乃めめ,0,
Asti ch 社不寶アスティ,0,
レオタードブタ,0,
フィンダーおじさん,0,
なまほしちゃん,0,
Magni Dezmond Ch. HOLOSTARS-EN,0,
Sui Ch. 涼月すい,0,
夜ふかしおっちょ／Yofukashi Ocho,0,
赤咲アタリ AtariAkasaki,0,
めもい,0,
こまるCh. - Komaru Kurikoma -/あおぎり高校,0,
鍵璃ない KagiriNai ch.,0,
狐月凛 / Kozuki Rin,0,
堕落ぴて,0,
メイプルストーリー公式チャンネル,0,
Kai Saikota Ch. idol-EN,0,
Mia Channel / 湖南みあ 【ななしいんく】,0,
Seira,0,
天ノ川ねる,0,
루시드 LUXEED [VRECORD],0,
Liora Walkyria Ch. V&U,0,
OZworld by MS,0,
子ノ神モカ / Nenokami Moka,0,
陽夏のの/HinatsuNono,0,
怪崎ショウ子 / KaizakiShoko,0,
舞鶴よかと / Maizuru Yokato ,0,
神月天 / Kanduki Ama,0,
ソルトちゃんねる,0,
奈日抽ねね [GEMS COMPANY ジェムカン],0,
Mirin Ch. 一条みりん【YUMEADO VANQUISH】,0,
園部マヤ / Sonobe Maya,0,
雛森 アンシア【Hinamori Anthea】,0,
白籤ねんね,0,
入間 紡人 / Iruma Bouto,0,
叶井かなた*Kanai Kanata,0,
Kokuri Ch.来音こくり,0,
橙Yuzumi Channel,0,
煌Kirali Channel,0,
響Hibiki Channel,0,
天曰ひよ-HiyoAmai-,0,
小純マアメ,0,
レンチ【作曲系Vtuber】,0,
雨乃るる / Amano Lulu,0,
Sei Channel / 橙里セイ【ななしいんく】,0,
明澄 祈/Asumi Inori,0,
浅葱里リオ🌈🎧VT,0,
NICO,0,
かすていらヨリコ,0,
Tacitly Channel,0,
宵月れゆり / Yoiragi Reyuri,0,
PRISM Project Official,0,
耳野めめ / mimi no meme,0,
安心院みさ / ANSHININ MISA,0,
Joint Beauty - Topic,0,
Mugei ch.,0,
エレキチャンネル,0,
THE FIRST TAKE,0,
Gema Gathika【AKA Virtual】,0,
むみょちゃんネル!!,0,
羽子田チカ,0,
Yura Rikudou / 六道ユラ,0,
音伽ねむ - Nemu Otogi -,0,
ルナ・ブランシュ -Luna Blanche-,0,
叶 秘蜜 (Himitsu Kano),0,
ひなたチャンネル (Hinata Channel),0,
Esteria Hoshiko Ch.,0,
たとえばよるに,0,
否羽ゆき Inaba Yuki,0,
Gifts From My Dears,0,
APOKI,0,
A.I.Channel,0,
白音まる,0,
克蕾 / Cray Ch.,0,
殻 -KARA- / 偶殻的観測project,0,
架橋エミル - Kakehashi Emil,0,
椿之こまち / Tsubakino comachi,0,
あおぎり高校/Vtuber High School,0,
AuroraLiveVR,0,
今日ﾉ夕 / Kefuno eve,0,
- Abyss DIVA -,0,
アザミ,0,
子招き猫たたまる,0,
晦リン / Rin♡,0,
DeepWebUnderground / DWU　sinsogumi / 深層組,0,
華埜井みお / Hananoi Mio,0,
BOOGEY VOXX -official-,0,
ひま食堂channel -HIMASHOKUDO channel-,0,
あーたま🦠【荒御たま】,0,
ダリア・オルコット / Dahlia Alcott,0,
予梨玻-よりは-,0,
Hinode Daphne【ETHEREAL VTUBER】,0,
🥀ଳ花浅葱ゆうଳ🥀,0,
生琉 -いくる- Ch.,0,
Rumii Ch. 如月ルミィ【HKVTuber】,0,
木魅恵茉,0,
Kanaria,0,
Alleles Project / アリルズプロジェクト,0,
白雪ミラ / Mila Channel,0,
月光ツクヨミ.Tukuyomi Ch【エアプロ】,0,
ぞん子Ch. /ZONe ENERGY,0,
Asagiri Yua 朝霧ユア,0,
唯希イヴ / IbukiEve,0,
HELLO OSAKA,0,
Nightmare ch -soirée-,0,
道明寺ここあ / COCOA DOMYOJI,0,
風渚こあKoa.channel,0,
Rowatari Airi Ch. 鷺渡あいり,0,
447 Records,0,
餃子和尚ちゃんねる,0,
IA GLOWB,0,
HIPPI / ヒッピ,0,
猫吹ケムリ☁Nekobuki Kemuri,0,
月城アオイ - Aoi Ch.【Vsinger】,0,
鱗水スイ / Urokomi Sui,0,
Noir Vesper Ch. HOLOSTARS-EN,0,
Chiyu Ch. 白衣ちゆ,0,
二ノ瀬あおい,0,
花園セレナ,0,
星音みおん / HoshineMion,0,
甜瓜あん /Tenka An,0,
Kijibato,0,
Marie Honette Ch.,0,
Cecilia姉貴兄貴,0,
冬陽リッカ_Fuyubi Rikka,0,
白湯 歩夢-Ayumu Sayu-,0,
千鳥ひな / Chidori Hina,0,
SKYCOLOR Project OFFICIAL,0,
皆来やよ／Yayo Minarai,0,
未宵エレナ Mayoi Elena ch,0,
わたのねまき,0,
長瀬有花 / YUKA NAGASE,0,
ダルシェグーリン,0,
御伽ルナ,0,
Toya Ch. 光彦とや,0,
Erina Ch. エリナ・マキナ 【Phase Connect】,0,
Shiina Ch. 天ノ川 しいな 【Phase Connect】,0,
Panko Ch.【Phase Connect】,0,
Lumi Ch.【Phase Connect】,0,
赤羽ユキノ [GEMS COMPANY ジェムカン],0,
山田シャロ -Shalo Yamada-,0,
矢木めーこ【映画・演劇】シアターVtuber,0,
ゾンヨンジュ,0,
Airi Ch. 千坂 アイリ【Phase Connect】,0,
紫黄スミレ,0,
Abyss♰Maze,0,
Starry Wink,0,
花鞠ゆら / Hanamari Yura,0,
▷▷ヤソヤネオン_八十夜音遠,0,
みたま_Vsinger,0,
聖女れりあ / Hijirime_Laeria,0,
初凪おもち - Omochi Hatsunagi -,0,
水縹ぺち - Pechi Minahada -,0,
なんぜう幼稚園 - 南條夢路,0,
RuiF Ch. / らうふ いんふぃ,0,
Cygnus ch. 熙歌,0,
yura Ch.遠坂ユラ,0,
小日向えだ,0,
星降 こゆ / Koyu Hoshifuru Ch.,0,
御来屋 春秋 -mikuriya 10to-,0,
雨ニマケテモ / SHiNO,0,
AMOKA,0,
KAZE Lab,0,
いずたん / いずたんはたまわりたい! 無期限活動休止,0,
白熊りん / Rin Shirokuma,0,
EDGAR,0,
月虹まご - Gekkou Mago,0,
草喰ステ / Kusahami Ste,0,
野々熊びこり / nonokuma bicori,0,
桜葉,0,
ViANKiE - virtual singer -,0,
十和はつか / Totowa Hatsuka,0,
ずっと真夜中でいいのに。 ZUTOMAYO,0,
Annin Miru Channel,0,
黒瀬きり / Kurose Kiri,0,
瀬戸内ミュウ-Setouchi Myu-,0,
夢乃ほのか | Honoka Yumeno,0,
澄 / sumi,0,
シスターくん,0,
Linh Lan Ch. 仁香リンラン【NIJIGEN】,0,
a.k.a.s.a,0,
咒井イヒ / Ihi Majinai,0,
どっとライブ,0,
青しゆう / aoi_siyuu,0,
88nia - Nia Hachiya -,0,
根本凪チャンネル,0,
七瀬タク-Official Channel-,0,
エデル･エカード　‐Edel･Eckerd‐,0,
天輝あっぱれーど!!!,0,
キトネ,0,
Himeko Kumi Ch.,0,
Isla Coleman Ch. アイラ・コールマン【kawaii】,0,
黒亜ネキ💜Kuroa_neki,0,
えるちゃま,0,
咲来希々,0,
椎名かいね,0,
難波 研,0,
月燈きら - Kira Tsukihi -,0,
HAGU Ch. 桃月はぐ,0,
星廻エト ‐ Eto Hoshimi ‐,0,
DAYBREAK,0,
日比谷つばさ,0,
兎佐美*Usami Channel,0,
Lutralutra Ch. 露恰露恰,0,
三角ポリカ△Misumi Polyca,0,
[ahi:] -official-,0,
音影カナ,0,
乾ちゃんねる,0,
MiruST -あまのみる-,0,
やきとり Yakitori,0,
玉江 奏,0,
みたにみく -VTuber / ボカロP-,0,
雫 瑠璃 / Shizuku Ruri,0,
Roberu Ch. 夕刻ロベル,0,
楽々きいち / Sasa Kiichi,0,
ルナリナちゃんねる,0,
バーチャルゴリラ,0,
Freyja Cesteline Ch.,0,
七夜 影狼,0,
眞白かのん / Mashiro Kanon,0,
Yuna Ch. 伊冬ユナ,0,
Alice*Iris,0,
Aruma Ch. 薬袋アルマ,0,
巫月しお / Shio Mitsuki Ch.,0,
冠城のえる-Noel Kaburagi-,0,
風花りん - Fuuka Rin -,0,
猫月みお,0,
未確認動物うまぴ / Umapi's Laboratory,0,
桐谷こむぎ-Komugi Channel-,0,
日和ちひよ / Hiyori Chihiyo,0,
えてる - Ether,0,
バーチャル債務者youtuber天開司,0,
音無ツバキ,0,
MonsterZ MATE,0,
月紫アリア / Tsukushi Aria,0,
中野の部屋,0,
カクレゴ,0,
水瓶ミア/ミアちゃんねる,0,
Minami Nami / 美波七海,0,
Pina Pengin / 辺銀ピナ 【PRIMA Project: Requiem】,0,
天月-あまつき-YouTube Official Channel,0,
海辺しなの😈💙,0,
Kiyon Ch.,0,
UMINARI,0,
Elaine Ch. ◆ KoMETA Virtual Live,0,
MAHA5 mahapanca - Vtuber Group,0,
楪 帆波-Yuzuriha Honami-,0,
YumemiChannel,0,
黒宮 ティマ,0,
魔宮マオ,0,
Lime,0,
紫彩アメ,0,
sifar Vtuber,0,
ぽぷな!ぽぷな!ぽぷな!ぽぷな!,0,
鏡崎やお,0,
稲荷 萌&藻奈　作曲系Vtuber,0,
十七夜 佳奈 kanaukana,0,
閑話リィア🌟,0,
MARUMOCHI from HoneyWorks,0,
sakuyui ch / さくゆいちゃんねる,0,
旱林鏡香,0,
とめいろか｜tomeiloca,0,
bakudan.,0,
空見さら,0,
檸檬誘 / LemonYu,0,
柴崎楓音 / Shibasaki Fuune,0,
瑪格麗特 · 諾爾絲 / Margaret North【箱箱The Box所屬】,0,
seP!a,0,
椎乃実なつ - Natsu Shiinomi -,0,
暖日いな - Ataka Ina,0,
涅杜キョウ,0,
Rumi ch. 懶貓子,0,
四宮 伊織 / SHINOMIYA Iori,0,
しくはっく,0,
アルバ / Alba Ch.,0,
葉柳ちぐさ,0,
チャリキ / Chariki,0,
Xiondere,0,
ワイパ,0,
Sua Channel,0,
夏河ひまり-NatukawaHimari-,0,
遠坂ソニア,0,
包身カケル / Tsutsumi Kakeru,0,
Hotaru Ch.  星村ほたる ,0,
莉莉姆-Ririmu Séraphin Lucifer-,0,
Skuld Ch.詩寇蒂,0,
Lancelot Ch. 蘭斯洛特,0,
緋羽メイ,0,
氷室カナデ,0,
Siro Channel,0,
機関オトギ /Karakuri Otogi,0,
Nia Moni,0,
夢川かなう/Kanau ch,0,
Marumochi Tsukimi / 丸餅つきみ,0,
Shabel Tonya Ch. idol-EN,0,
まりすぴちゃんねる,0,
天海ちはま,0,
Asakura Yukai Ch. 朝倉ユカイ,0,
Kitakara Tome,0,
Itsuki Miyamura,0,
ココロニ ･ ノンノ / Kokoroni Nonno Ch.,0,
犬飼,0,
Remilia Ch. レミリア・ネフィス 【Phase Connect】,0,
ヴィオラトワイライト,0,
語彙無やばば,0,
餅屋 羽乃 / Uno Mochiya,0,
Penelope Wiseman Ch. V&U,0,
Yoshina Project,0,
さとういと,0,
現÷ -utsutsu-,0,
紲凪いろ / Tsunagi Iro,0,
shiroAN,0,
Rusami Khau《Eija Café》,0,
よわきのだ,0,
猫屋ナギ,0,
雪那フェン,0,
えみ まゆあ,0,
わいみチャンネル / Yme Ch. 【ASMR】,0,
Mama Ch. 倉持京子,0,
うきうきわくわくかみちゃんねる,0,
わたあめ子-wataameko channel*,0,
すかぽんたん. / Sukapontan.,0,
ミリル・シャムシルル のばしょ / Miriru・Shamushiruru,0,
鳳 りゅか-otori ryuka-,0,
心無 到夏 / TokaUranaki,0,
メタモエレコーズ,0,
萌えみのり,0,
月見千華_桂,0,
天草フラン / Amakusa Fran,0,
雨ノ日しずく,0,
おはよう真夜中,0,
Kakeru Ch. 間取かける,0,
Ifu Ch.珀世イフ,0,
Lilia Ch.リリア・ツェペル【Vtuber_VASE所属】,0,
Itsuki Natsume / 棗いつき,0,
月宮ゆえ ￤ tsukimiya yue,0,
夢羽九.YUMEBA KU,0,
橋本真実,0,
菓子野コトナ,0,
プラムCh,0,
ナツメ・アリー / NatsumeAlly,0,
花泉じょあ,0,
バーバパパ,0,
香鈴 / Kou-Rin,0,
やかろ,0,
星乃すなSuna Ch.,0,
鬼ノ鈴 燐 - Oninosuzu Rin -,0,
メダロット公式チャンネル,0,
紅羽 アカリ / Kureha Akari【MaHOROBA】,0,
Mikado Ch. 帝,0,
Yamada Konoha/山田コノハ,0,
Regalius Virtual Official Channel,0,
結ぱんや,0,
三拍ユッコ -Mihaku Yukko- / シアーミュージックV,0,
Alice Ch. 鏡迷アリス【エアプロ】,0,
城真ゆかな / SiromaYukana,0,
乃々花りあら【VTuber・VSinger】,0,
Enma Chaco - 閻魔ちゃこ,0,
風月ねむ-Huzuki Nemu Ch.-,0,
いつつぼしちゃんねる,0,
猫魔しろあ / Nekoma Shiroa,0,
桐崎まゆら-mayura kirisaki-,0,
武士道パレード official channel,0,
ゆきゅ,0,
宇宙一ユニカ /VTuber,0,
眠河ゆめな,0,
バル子 - Baruko Ch. -,0,
雪永さくら,0,
花幡ななせ ,0,
 冥鳴ひまり / Meimei Himari,0,
悠織こまき - Komaki ch. - ,0,
白丑めぐみ / Shiraushi Megumi,0,
ひものちゃんねる,0,
ぶちゃぱてぃ,0,
たまごのきみ,0,
猫熊るる‗maruru Ch.,0,
NeineCh,0,
黄野なお / 完全セルフプロデュース系Vtuber 兼 バーチャルプロデューサー,0,
ひいなch,0,
キルシュトルテ,0,
真白ユキ*JPN Vtuber,0,
ほむしずちゃんねる【おきなわ部】,0,
ベリル,0,
彩 まよい【ミリタリーVTuber】,0,
トイレの花子さん,0,
レッドブルマイク,0,
Pieru Channel,0,
Mary Channel ,0,
黒兎ウル kurousagi uru -MUSIC-,0,
イル_フローラ,0,
江波キョウカのぴよぴよch. / パレプロ,0,
LeeandLie (AmaLee),0,
電音部チャンネル,0,
佐藤ホワイト,0,
桜えみ / Sakura Emi,0,
唄夜乃よる / Utayono_Yoru,0,
isaa corva,0,
hiyumiNAO,0,
teruterujasu,0,
Nen Ch. 弦稀ネン ,0,
はくゆ ,0,
狐田仁王鱗,0,
泡沫調 ♚ Shirabe Utakata,0,
栗花落 莉乃 / 新人Vtuber,0,
常磐カナメ【パレプロ】,0,
Asuka Mari Ch. 飛鳥まり,0,
舞星みりん - Mahoro Mirin - ,0,
小森ねね,0,
皇ロゼ／SumeragiRose ch,0,
テナちゃんねる,0,
lapix,0,
玲音-Leon-,0,
まりなすチャンネル Virtual Dance＆Vocal Unit,0,
クリエ-Curie-,0,
Lua Asuka Ch. 飛鳥瑠藍【kawaii】,0,
Charlotte Suzu / シャーロット・スズ 【kawaii】,0,
Silent Emotion,0,
ザッハ・トルテ / ZahhaToltyared,0,
天江るな / Amae Runa,0,
夢野つむぎ,0,
Nekomata Okayu - Topic,0,
マル・ナナモナ / Maru Nanamona,0,
木苺るりあ【ユリアンナ女学院】,0,
佐久間ミライ -Sakuma Mirai-,0,
りぃら,0,
神楽音緒(ｶﾐﾈｵ),0,
草壁リコ *Kusakabe Rico,0,
惑星ちる-Madoboshi Chiru,0,
千春乃きぃこ / Chihalno Kiko,0,
彩華きらら / Saika kirara,0,
RuA ch.,0,
酵穣 桃桜Momozakura Kojo,0,
魔王軍channel,0,
Shion Ch. 紫苑 朔,0,
Cocoa Ch. 犬巻ここあ,0,
Campanella Ch. カムパネルラ,0,
風宮まつり / Matsuri Channel,0,
星仁いち / Hoshini Ichi,0,
【活動終了】天ノおと / AmanoOto,0,
音御 光歌 / Otoo Kouga,0,
結イ,0,
遊海スネアMusic Room / Snare Ch.,0,
Apollo Ch. 矢筒あぽろ【Lv.16】,0,
More Ch. 紅麗もあ【Lv.14】,0,
Maho Ch. 魔儘まほ【Lv.13】,0,
山羊生ウル,0,
∴  ［yueni］ / バーチャルオカルトアイドル,0,
裂鬼 -saki-,0,
3x4xS (SA-SHI-SU),0,
Regis Altare Ch. HOLOSTARS-EN,0,
うつぎさわーるど/宇津木沙和,0,
歪リア / Yugami Lia,0,
おつかれベイビーズ,0,
四条ユリ-Yuri Channel-,0,
天使セウ-Seu Amatsuka-,0,
いちかのあそびば,0,
あまねもものスタジオ,0,
ameri ch. / 甘森あめり,0,
海乃しゃち【Last Crest】,0,
隣町本舗 / tonarimachi-honpo,0,
鯨尾テトラ-Caos Tethola-,0,
花汐ぺあ / Kasio Pea,0,
Virtual렛시,0,
UNG Ch.,0,
佳宵わおん / Kasyou Waon,0,
竜乃エナジー / Draconic Energy,0,
ナナメ,0,
Mirai Akari Project,0,
椿リツ / Ritsu Tsubaki,0,
結城ミチル / Yuki Michiru,0,
稲荷えんじゅ-Enju Ch-,0,
Octave-おくたー部-,0,
暁月ヒバナ-HI8NA Ch.,0,
寿海 浮🧼🫧,0,
宇佐木そら-Usagi Sora-,0,
Yuiha Ch.花束ゆいは,0,
鷺原鈴音【SagiharaRinne】,0,
Minami Ch / 南海ナオ,0,
わんたんねる。雲呑ほゆ,0,
高細工さとり-Satori Takazaiku,0,
イーバ・メテオライト,0,
飴梨 / Kusanoka Ameri,0,
乙木あかり - Otogi Akari -,0,
UDAGAWA,0,
蓮宮ゆが | Hasumiya Yuga,0,
ビリー・ローハイド / Billy Rawhide,0,
じゃむch Jamsanpoid channel,0,
Mamu Ch. 谷マム,0,
VIVINOS,0,
Kirara Magic,0,
愛尾ちかげ / Manao Chikage,0,
衣恋ノヴァChannel,0,
然ナ殻 / さながら,0,
星野 夜空 / Hoshino Yozora,0,
星見まどか*Hoshimi Madoka,0,
YACA IN DA HOUSE,0,
猫咬ちぅこ /NekokamiChuco,0,
Marie ch. - 泡音マリィ チャンネル,0,
Aruha Ch. 白音あるは,0,
Vilia Ch. ヴィリア・シェルドール,0,
夢街こがれ,0,
瑞白くもり / mizushirokumori,0,
Chiki ch. 天咲ちき,0,
音ノ宮ラーラ / LA-LA OTONOMIYA ,0,
リアちゃんねる / RIA Channel🎧️,0,
Rain Drops,0,
Naki Kamizuki / 上月なき【EverAfter】,0,
Sara Nagare / 流サラ 【EverAfter】,0,
Aoi Tokimori / 時守あおい【Cosmia】,0,
【ALTER;NITY】,0,
Bajiru / バジル,0,
Moeri Ch.,0,
宇佐兎,0,
天才てんち-CHANLUA-,0,
Rain channel.雨宿れいん,0,
七彩てまり Temari Ch.,0,
シノウサギ,0,
love=charmulet,0,
ニコニコ公式チャンネル / niconico,0,
氷雨ユィリスという人材,0,
眠居ふわりのふわり塾,0,
天兎まひろ,0,
彷徨 鈴【Samayoi Suzu】,0,
芽々子 -Memeko-,0,
ルシア・アラモード / Lucia Alamode Ch.,0,
ミーゼア,0,
Hisori Ch. 紗彩木ひそり,0,
至極 鳶/Tobi Shigoku,0,
比良坂芽衣 /Mei Hirasaka,0,
花国 アンネ / Hanaguni Anne【MaHOROBA】,0,
乙女おと / Otome Oto,0,
Nqsi,0,
ʚ　ぱるぺてぃ　⋈　- Parfaitty -　ɞ,0,
来栖らいあ RaiaKurusu,0,
null nanigasi,0,
るるの郵便屋さん,0,
鯨屋エアダイビング,0,
ﾊﾑｽﾀｰのきなこ KiNAKO ch.,0,
海月ルナ / Luna Umizuki,0,
MiCosmiC baby /ミコズミック ベイビー,0,
Sumi Ch. 夜乃すみ,0,
Syuna ch. 兎月しゅな,0,
Amagiri Nameko CH / 雨霧なめこ,0,
yaT 0o0,0,
ナギナミちゃんねる,0,
古書屋敷こるの【本好きVtuber】,0,
大江ふぶき,0,
🌻夏野星空💫Hoshizora Natsuno,0,
譜奏 棗 / Natsume Fukana,0,
フェアリィ緑川,0,
志祈カスレ,0,
浅葱史乃,0,
初世いと,0,
PashiRim.Channel,0,
宙蒔もち子,0,
灰キ haiki,0,
GarciaV Ch. / ガルシアV,0,
眠霊幽 / NemuiKasuka,0,
Néru,0,
【活動終了】Kazami Mikan - 風海みかんちゃんねる - official,0,
へムスライムの侵略基地,0,
ニコラ・アルディン / Nicola Aldin Ch.,0,
夢観るるの /Ruruno Yumemi,0,
ダヴィ・アートマン-DaviArtman,0,
真瀬みうし,0,
黒桃くるみ,0,
陰陽師 陰/In Onmyouzi,0,
Patterns,0,
プリューシュ・マグリード / peluche magreed,0,
狸白めるも / Mamishiro Merumo,0,
Shieru Ch. 翠音シエル,0,
Kuritariku Ch. 九璃田リク,0,
Riot Blue,0,
刹那ヰ とけい,0,
Yuuka Bear Ch.,0,
御園結唯 / Misono Yui,0,
亞牙持ヒダリテ /あげもちゃんねる,0,
Brandon Liew,0,
Firefly Music,0,
Tomoya Ch.,0,
eVirite【諸味胡瓜】,0,
警戒ブロオドキャストCHERRY,0,
紫咲はに🐰💜ハニー・ラグラス,0,
日菜ひな乃 / HinaHinano,0,
つらよしちゃんねる,0,
Kefuno Night Ch / 今日ﾉ夜,0,
イオス・コーディエ,0,
金曜日のピカドール　-Friday’s PicaDOLL-,0,
みかづきれぃ【Mikazuki Rei】,0,
星ノ音コロン Koron Ch.,0,
ことはちゃんねる / 藤宮コトハ【パレプロ】,0,
天咲スピカ,0,
輝石ほるん ／ Kiseki horn,0,
剣城まひる,0,
ことり ゆうい / kotori YOUI,0,
噂ノのろいちゃんねる【怪談朗読Vtuber】,0,
ねねもあCh  -Nenemoa Ch-,0,
粛正罰丸,0,
Chaii ch. 波兎ちゃい,0,
Matoi ch. / 飾守マトイ,0,
絃月シア【 cia ch 】,0,
雨宮いち,0,
メニル・リーチェ -Cocon papillon-,0,
ちょこたび埼玉公式チャンネル,0,
ホシナスズ - Suzu Hoshina 【WACTOR】,0,
寝月ねろ-Neruna Nero-,0,
Mashiro Room. 真白零,0,
朵璃安 Dorian 【浪海數位 RiyarDigital所屬】,0,
webemez Your Local Magical Girl,0,
雪柳-yondokoronai-,0,
Mythia Batford,0,
服巻有香／Fukumaki Yuka,0,
卯々瑠しぃぷ,0,
KANADE MiMi ch.,0,
リコル,0,
はなまき.,0,
花唄まろ,0,
Mashiro Ch. 真白せかい,0,
虚無ちゃんねる,0,
千彩夜ゆえ / Chisaya Yue,0,
Pechika channel,0,
Ciena Ch. 冥森シエナ,0,
Toccoyaki,0,
しゅか Ch. 珊瑚しゅか,0,
Minae Kako Ch. / 実苗かこ,0,
Tirol Channel /月野木ちろる 【ななしいんく】,0,
仔犬丸たねこ-Koinumaru Taneko-,0,
HalO,0,
朔炭パリカParica Ch.,0,
パピまろチャンネル,0,
露莎米娜 Lusamina,0,
EPO,0,
Omusubiya Ch.和メイドカフェ「おむすび屋」【公式】,0,
虎羅武 流美,0,
白魔あまね,0,
Yomogi Ch.歌喰猫よもぎ,0,
羽糖スドオ / Pato Sudo,0,
江戸レナ Edo Lena,0,
藍メイメ -aimeime-,0,
𝐾𝑒𝑟𝑖 𝑙𝑢 𝐶ℎ. 可莉.露,0,
仄白昏 / HonoshiroKon,0,
空中、虚ろなれ。,0,
୨୧ YUME CHANNEL ୨୧,0,
リシェル_C_B【Freeks】,0,
ソラちゃん家【Freeks】,0,
閑地游,0,
可愛パメラ 【♡Pamela Kawai♡】,0,
作楽つきひちゃんねる,0,
猫秘ぺる‐Nepel Pel‐,0,
八月二雪,0,
こに♦︎あいこにっく,0,
Nagomi Ch. 桜なごみ🌸魔法少女ちゃんねる,0,
Jewel in the Crown,0,
遠野 莉緒奈【Date Links!】,0,
しーせん,0,
kukuri ch * 戸鎖 くくり *,0,
めりぃ・もふーる【mary mofur channel】,0,
飴川紫乃-AmekawaShino-,0,
Tomari Mari channel / 兎鞠まりちゃんねる,0,
銀河アリスの地球侵略ch.,0,
bákedeath,0,
彼舟ラヰラ Cafune Layla,0,
とある旅芸人の記憶,0,
Emnyeca (アムニェカ),0,
雪星ルカコ【ルカコ紀行】,0,
神咲 −𝗞𝗮𝗻𝘇𝗮𝗸𝗶−,0,
アルタ_イル / Alta il,0,
水原かなで,0,
Shinoko Ch. 小泉しのこ ,0,
斗帆路トキ,0,
葉月まにゅ / Hazuki Manyu,0,
夜鳥ワト♡Wato Yorutori,0,
らびあんろーずちゃんねる,0,
ヒニチ / Hinichi,0,
kumori,0,
Myuni*,0,
cardio-カーディオ-【公式】,0,
Izumi Channel / 柚原いづみ 【ななしいんく】,0,
三条 りはる - Riharu Sanjo,0,
猫々【MarbleCreators】,0,
繋柚葉 /Tunagi Yuzuha,0,
音琴かなみ Kanami ch.,0,
Cigarette,0,
アーテル-Ater-,0,
【ペット系ショタVtuber】月影ネロ,0,
Shikai Yue Ch.  始解ゆゑ,0,
あどみん,0,
葉月ショウゴ / Shogo Hazuki,0,
大福みっくす♪STUDIOわがし,0,
月雪まう / THUYUKI MAU,0,
棺美夜 / Hitsugi Miya,0,
緋赤エリオhiseki_erio channel,0,
大代真白 /あおぎり高校,0,
九条ゼロ  / Zero Kujo,0,
音芽ケイ⠀WotomeKay-Channel,0,
三度 にか -mitabi nica-,0,
山崎しずくYamzaki Shizuku,0,
Roza Coatl Ch.,0,
右左 -yuusa-,0,
夏代孝明-夏と彗星,0,
藤音カナデ-Fujioto Kanade-,0,
デジモちゃん,0,
Flora Vtuber Project,0,
Athelia Hiroyuki Ch. 博之 アテリア,0,
Utano Pandora Ch. 歌乃パンドラ,0,
Nene Amano Ch. 天野寧々【kawaii】,0,
Reina Sun Ch. レイナ・サン『production kawaii』,0,
翠蓮 /suiren ch,0,
紫姫蒼-siki aoi-,0,
紐途-ちゅうと-,0,
Ranmu Ch. 嵐らんむ,0,
piedre channel,0,
Yuuna Nini,0,
九鬼丸唐磨,0,
天優鈴うの / Amayuri Uno,0,
Himekuma Ribon Ch. 姫熊 りぼん,0,
ラク,0,
酉目 りと / Torime Rito,0,
Spica Channel,0,
神響うた / Jinkyo Uta,0,
はっか / Hakka,0,
さえきやひろのおへや,0,
氷狼鬼ニキ,0,
生野しゃけ,0,
campanula Ch. / かんぱにゅら,0,
Akuru Ch. アクル,0,
揺眠ゆあ -ゆるねゆあ-,0,
Kuzisaki /くじさき,0,
rapi ch.,0,
高坂めぐみ-Kousaka Megumi-,0,
koinoyamai ch 恋乃夜まい,0,
江洲レア,0,
羽衣石メルト -uishi melto-,0,
日向たまCh,0,
沙月シオ / Suzuki Shio,0,
ぴっすけ,0,
藍いろchannel【Vsinger】,0,
あかつき るき / Akatsuki Luci,0,
夜中。,0,
いむ電波wav,0,
Marimotty Mande Ch.,0,
リーエ香澄KasumiLeigher,0,
Moon Jelly,0,
Amiya Ch. アミヤ・アラニャ,0,
アキユキCh。【夏永秋如-Kanaga Akiyuki-】,0,
Lime Channel,0,
e04 Ch.,0,
海月夜 澪 / Kurageya Mio,0,
Laki Station ラキステーション,0,
うつつ,0,
桃帷さくら／SAKURA Ch.,0,
TSUBAKIKO V-WORLD,0,
MeguRoom,0,
ぱなゆさちゃんねる,0,
hanakumo rinCh.花雲 りん / プロプロ,0,
Rei Channel / 紡音れい,0,
屍ヨミ*KabaneYomi*,0,
黒咲ユリア／Kuroyuri,0,
音愛ほのか,0,
RK Music,0,
成瀬ろく / Naruse Roq,0,
歌兎 とと🐰🎀utau toto,0,
土芒果社-蘆棠布奈,0,
Lucene Ch.,0,
らな・のあ,0,
小鳥遊やや  ーTakanashi Yayaー,0,
Yamada of Stone. / 石ころの山田。,0,
日暮 - HiGURE - ,0,
たぬまる,0,
氷色院冬樹 - Hiroin Huyuki -,0,
苺奈いちご ichinaichigo,0,
リラリン・リラ /天体魔女おねーさん,0,
白井さん家の猫事情,0,
海月シェル Shell Ch.,0,
Kusuda Enemi,0,
花城めんも👻Menmo,0,
広瀬虎太郎,0,
夢理メリィ /YumeriMery,0,
エヌ / Enu_N project,0,
ナイちゃんの放送局,0,
ミズナイオリ,0,
クレア英会話,0,
Lunon Ch.三雲るのん,0,
パムちゃんのゲーム時間,0,
KEiNAch / ケイナ,0,
yanenouraCH.屋根ノ裏シノ,0,
Yuccho Ch. ゆっちょ,0,
ねき,0,
骨魅むくろ,0,
キヌ,0,
クッコロ・セツ,0,
Vpro公式Ch,0,
虎落ブエ,0,
Pan VTuber パン,0,
千羽 黒乃:Senba Channel,0,
k0y0mi Ch. ,0,
王丸櫻子,0,
Rem Ch. 睡魔レム,0,
水無瀬文ちゃんねる/MinaseFumi Ch.,0,
愛音アーニャ Aine_Anya Ch.,0,
ocomet,0,
deporuters -デポルターズ-【ミズノ公式】,0,
Tsuyu Hortenshia 〘 Yume Reality 〙,0,
三鬼緋奈莉 -Miki Hinari-,0,
白雪アリア,0,
ミシマリノ,0,
あまぐもななの光速マッハちゃんねる🍆,0,
弥勒のミトラ’s ちゃんねる / 声と芝居とおバカのch,0,
鰐渕七七七,0,
kohaku.Ch虎宮こはく,0,
月島クロス TksmCross Ch.,0,
れあしぃ,0,
李 紅蓮 / Lee Glen,0,
shinばれっすんるーむ,0,
春乃こね子 - Koneko Haruno -,0,
羽咲らび - Usaki Rabi -,0,
雨傘つゆり,0,
水科葵 [GEMS COMPANY ジェムカン],0,
Hasami Ch. / 紙木はさみ,0,
深澄しろね,0,
救済ちゃん,0,
融解おばけ。,0,
星村來花のこはスタCHANNEL,0,
すぱるな瀟洒ch / Spaluna shosya,0,
ひみつのはなぞの,0,
狛江コン / Komae Kon,0,
狐賀アクト koga_act,0,
Mona Ch. 望月もな,0,
リランCh. - Lyran Albright,0,
初瀬恋円♡Hatsuse komado♡,0,
ひーるちゃんねる,0,
春ノまりあ -Haruno Maria-,0,
猫雷にゃる-NecoraNyaru-,0,
夜夢瑠紅 Ruku Ch.,0,
Gurni.,0,
Lara_Vsinger,0,
Momo Ch.御子柴もも,0,
胡桃もよ,0,
The Herb Shop,0,
Nanana Ch. 風紙七鳴,0,
あぐしんぐ!,0,
Mofpi / もふぴ,0,
Chérie. / しぇりー,0,
Tumugi Ch.楪つむぎ,0,
神咲 奏-Kanzaki Sou-,0,
御巫れいん /mikanagi rain,0,
音羽ララ (Otohane Lara) / シアーミュージックV,0,
癒咲 りらとrirato yusaki,0,
ぺいんです,0,
memorandum project,0,
shei,0,
こまいぬ🐶⛩🐶,0,
微々微みくろ / Bibibi Micro,0,
Nasa Ch. 転寝ナサ 【Phase Connect】,0,
mizuhane soraCh.水羽そら / プロプロ,0,
古今こま / Kokon Koma,0,
Tola ch. 夏凪とら,0,
匝 ヒビク / Meguri Hibiku,0,
小柔Yawara ch.,0,
うたちゃんねるUtachan,0,
蒼依結縁,0,
黒崎ラムVtuber,0,
Suzune Corryn『鈴音氷ん』Ch.,0,
ヴァネッサ・ガルガディオン,0,
たまてばこ【公式】,0,
凛音ウタchannel,0,
かえるのとうどう / Kaeru no Todo,0,
ラメール・ドゥ・シエル,0,
ROCO. music,0,
神野たね / Kamino Tane,0,
塩天使ちゃんねる,0,
ぱしこちゃんねる,0,
兎茗望もちちゃんねる,0,
喜緑なえ / KimidoriNae,0,
ねむみるつ Ruth Ch.【ぶいじだい】,0,
伊鞠七ツ海 / Imari Natsumi,0,
アンセム系Vtuberアンセムくんu-z a.k.a euge,0,
天宮月愛-VTuber-あまみやるあ-Ch.,0,
肉片ちゃんchannel,0,
巴巴鼬戈 / Baba Yoger Ch.,0,
羽柴 紅魅 Koumi Hashiba Ch.,0,
VOMS Project,0,
G.I.N,0,
恋部みるり,0,
Lapine Ch.,0,
マガ・リナリー／Maga Lenalee,0,
Nui Kumakai Ch.,0,
久遠藍,0,
結目ユイ〖 YuiTube 〗,0,
神威トーカ ‐ Kamui Toka Channel - ,0,
蒼楽 珈琲 /Aora Cafe,0,
クラリローズ - Kurari Rose【WACTOR】,0,
姫崎クト -himesaki kuto-,0,
伊達あやの / Ayano Date,0,
水月りうむ / Mizuki Riumu,0,
アイラ - Aira -,0,
道端ノラ,0,
炎炉晴丸Harumaru Enro,0,
田中りゅこ Ryuko Ch.,0,
冠咲オウカ-Ouka CH-【リアライブ】,0,
Crim Nanakusa / 七草くりむ,0,
薄氷いより,0,
Madoi ch. 露乃まどい,0,
ShimaEna Ch. シマナガエナ,0,
白髭ツムギ  -Shirahige Tsumugi-,0,
穆之瀬堺ーbokunose kaiー,0,
Luxia Ch.,0,
胡桃さらり / KurumiSarari,0,
貝莉莓41_V Clip,0,
Chikafuji Lisa Ch. idol-EN,0,
Aiyu,0,
Yumemi Yumeiro,0,
色猫リカ,0,
さかさのしっぽ,0,
お茶の葉ふわり,0,
ヒヅキミウ▽HizukiMiu,0,
きら子 / KirakoCh,0,
澪音奏-Kanade Mion Channel-,0,
ひまりチャンネル HIMARI channel,0,
PlayArrowmancer,0,
柊 さんた / Santa Hiiragi,0,
穂茂むぅな,0,
YUZURIHAch.灰音ゆずりは,0,
チロルちゃんねる/犬望チロル,0,
Hari Ch. 笑羽良はり,0,
東堂ぴののうさぎ小屋-pino toudou Ch.-,0,
白羽いる(灯翠ユル),0,
Laibaht Ch. / หลายบาท,0,
水瀬 しあ 🏖️しあちゃんねる,0,
【 You Liverary 】夢野ヨウ,0,
九条 杏子 【Kujo Anzu Official】,0,
藍沢ゆま / Zawayu channel,0,
紅花カレン-こうか かれん-,0,
ヘメロスプロジェクト / Gemeloxx Project,0,
愛染りりあ / Aizome Riria,0,
小犬丸ぽめ / Koinumaru Pome【Melpoプロダクション】,0,
常世モコ Tokoyo Moko,0,
Mimika ,0,
Ruri Ch. 真鹿るり,0,
Emly Ch. 苓吃エムリィ,0,
ねこめろんるる♡NekomelonRURU,0,
Banana Amaou Ch.甘王ばなな,0,
Nue 江沼鵺,0,
Momo Ch.水蜜もも🍯🍑,0,
Project SekieN.,0,
神楽すず,0,
紡葉 よみ / バーチャル朗読おねえさん,0,
まんじゅう - pnmcmnj,0,
高峰伊織 -takamine iori-,0,
星形KARAS(cv:押形) ♪ 歌う絵師 ch.,0,
八瀬すずか /Suzuka Yase,0,
バーチャルねこ,0,
すのう・あにぅのーしろまほう診療所ー,0,
アカシャ-Akasha YouTube-,0,
レヴィア・インヴィディア,0,
まおうさま!,0,
猫塚大翔 - NekozukaTaiga -,0,
柊 エル / Hiiragi Eru,0,
錦織任Channel,0,
冴風しらべ ￤ Shirabe Sayukaze,0,
YUKIHIME【Marble-IV】,0,
蜂水 虚/Utsuro Hachinomi,0,
MIRA / Vtuber鏡見みらメインチャンネル,0,
空位_Vt,0,
reisaforte,0,
キルノルキ,0,
Liliya channel,0,
からあげ候補生,0,
あま津軍団,0,
八千代ちや_Chiya Yachiyo,0,
波羅ノ鬼 - Harano Oni -,0,
水月やまと,0,
りむちゃんねる!,0,
ととりちゃんねる!,0,
さざなみゆん / Sazanami Yun,0,
かまってちゃんねる ゆめ心中,0,
赤蕾ライラ-AraiRaira-,0,
しろch.　夜口紫狼(Yaguchi shirou),0,
Re:Memories,0,
Hai Halo Epel!,0,
煌蘇ノア - Noah Terasu -,0,
Overidea公式/オーバーライディア,0,
the echo,0,
藍京なの,0,
神雲アリア,0,
浮遊るる / fuyuu ruru,0,
山田テュテュル,0,
bkbk_tomoko,0,
SE:94 LIVE,0,
exesaki,0,
Kurumi Ch. 【Project Kavvaii】,0,
絲音ロイド / Itone Lloyd ,0,
Silvervale,0,
Zentreya,0,
Yoclesh,0,
Fuyumi Toba Ch. 鳥羽ふゆみ,0,
Usami Ch. うさみ 🦌🌻,0,
Taro Ch.,0,
Hazumi,0,
Hanabi ch. 雨街はなび,0,
Bao The Whale,0,
Aizen Envy,0,
ルゥ【むつあしちゃんねる】,0,
兎月るあ / Uzuki Lua,0,
五十嵐 花/IGARASHI HANA,0,
Athy Ch. 🦉💉,0,
Nemo Channel天護ねも,0,
千条アリア/ARIA PROJECT,0,
Kei Channel -灰宮けい-,0,
まじかるーずりあん☆,0,
Honoka CH. 緋村ほのか,0,
VIVID DIVA PROJECT,0,
Fuyumi Celestia【MAHA5】,0,
INORI Channel / 鬼灯 祈織,0,
不死奇ヨンシィ / Yoncy Fujiki,0,
もなふわちゃんねる,0,
プロプロプロダクション公式,0,
空羽にゃんみ Sorahane Nyanmi,0,
栗追しい　しいちゃんねる,0,
白餅だんご🍡✤,0,
恋音ゆき　koineyuki /Vsinger,0,
天秤ひなみ,0,
鬼灯わらべHoozuki Warabe【卒業】,0,
星宮ゆい /Hoshimiya Ch.,0,
淵ノ,0,
000さん,0,
星使カスミ.Hoshituka Kasumi,0,
水鞠リヴィ-Mizumari Rivi,0,
雛川藍路-hinakawa airö-,0,
시노농 XINO CH. 大神シノ,0,
鹿乃 / Kano official channel,0,
地獄街リンス-jigokumachi rinse-,0,
堂村璃羽,0,
煙火じゃのめ,0,
サコ / Saco Ch.,0,
きさら - KISARA,0,
碧那アイル -AilChannel-,0,
Lovey Ch. 朔魔ラヴィ【スナックにり】,0,
てふぬとちゃんねる,0,
500億年生きる‼️,0,
戸渡あづま - TotoAzuma,0,
No.Fifteen Ch. 十五號【活動終止】,0,
Urumi Ch. 白羽うるみ / Project Gen:2,0,
神凪海音,0,
梃子の原理,0,
羽生まゐご,0,
しらたま Shiratama Ch.,0,
桃泉ユウｰYuu Momoizumiｰ,0,
Kie キエ,0,
糺音イオ / Io Azane Channel,0,
Mea Ch. 夜白魔メア,0,
Aria Ch. 黒桐アリア,0,
懲役太郎チャンネル,0,
白鳥怜奈 / Shiratori Rena,0,
Saki Ch.亜玖魔サキ,0,
青道アカト / あおあか学園放送,0,
Popo Channel / 家入ポポ【ななしいんく】,0,
CULE-official-,0,
真宵ねる- Mayoi Neru -,0,
米プリンセスチャンネル,0,
鬼神イヨ,0,
石田結音_YUNON* Channel,0,
UrucyChannel / ウルシー,0,
バーチャルうさぎ,0,
久檻夜くぅ / Qualia Qu Ch.,0,
桜咲ちぇりぃ / Osaki Cherry【Vtuber】,0,
ゼルクZelk,0,
有栖川叶,0,
Note: - Vsinger -,0,
MONA Ch. はいぴんぐモナカ,0,
Aise Yuria Ch.愛瀬ユリア,0,
鈴花ステラ Ch. / Suzuka Stella,0,
シオリ-Shiori-,0,
Woo Ch. 編井うも,0,
Epito,0,
明日咲リリィ - Lily Tsubomi,0,
春野もみじ,0,
月城くりあ / Tsukishiro Kuria,0,
ちび雪428号,0,
二色 葵 / Nishiki Aoi,0,
アリクイキナコ Kinako Ch.,0,
A.I.Channel China,0,
栗生エルコchannel,0,
御名代アロエ - Aroe Minashiro -,0,
神凪ぷい,0,
しらかば,0,
根間ういちゃんねる,0,
【UNITeVERS】音琴ねごと & 紺野ADFF2F / Negoto and Konno,0,
ずーなちゃんねる,0,
KAMIINA HARUHI 【活動終止】,0,
エミル-Emil-,0,
Ururu Ch. 涙腺うるる,0,
古守ちゆ /komori chiyu,0,
透川ナナ,0,
七色やば美,0,
ライゼンバイン燐夏,0,
LilyMone channel,0,
Yuri Channel / 瑚白ユリ【ななしいんく】,0,
Channelタマキ,0,
Yowa Ch. 神瀬よわ,0,
翡翠モネ【卒業しました】,0,
乙女心さつき Otomeko Satsuki ,0,
Hiina ch / 天翔院ひいな【旧メインch】,0,
響歌シノ-Kyoka Shino-,0,
🦊狐坂ろま💫,0,
東雲はる🍀,0,
Aisha Channel,0,
微睡まふゆ,0,
妖 小琳,0,
リオネル・エレオノール・ド・シィアニア,0,
NCKM ch . 神谷ねこ,0,
Omochi Ch. /狗灰おもち,0,
ごきげんななめちゃん,0,
Luto Araka / 新火ると,0,
ユニ・アルシアVtuber,0,
MEME Ch. 羊娘めめ,0,
天羽よつは,0,
王檎らら / Ougo Lara,0,
神城くれあ/Kurea Channel,0,
aMatsuka,0,
火閻まどかCh. / Hien Madoka,0,
夜子・バーバンク / 映画紹介VTuber,0,
Japanese HANJO! TV,0,
「シスター・プリンセス」25周年チャンネル,0,
o,0,
一期一夏,0,
猫羽ことの / Kotono Ch.,0,
Liliana Vampaia Ch. 吸血鬼 リリアナ【MyHolo TV】,0,
紙ノ原いんく- INK Kaminohara,0,
Notebook Records,0,
京風おむらいす,0,
眠廻すぅ-nemumi suu-,0,
‐ももぴちゃんねる‐桃枇はくと,0,
バーニー・ユィリス【Project:YuiRes】,0,
乃木乃つも /Nogino Thumo,0,
輝海まりなKagami Marina,0,
雪乃くりす。 / Yukino Kurisu,0,
いっちゃんねる,0,
死骸美 呪々,0,
飴宮むに,0,
Suyari Ch. 夜ノすやり,0,
Mochi Huechi Ch,0,
白栖 /shirasu,0,
Mel Ch. オグリメル,0,
Yui Channel.響ゆい,0,
涼海衣瑠香,0,
夕凪みちる,0,
織田りこるch / Ricoru Oda ch.,0,
藤多柚衣 / Yui Channel,0,
Shirube Ch. 心導しるべ,0,
花丸ちよ - Hanamaru Chiyo -,0,
Leia,0,
いばキラTV - IBAKIRA TV -,0,
星夏れもねちゃんねる,0,
MAHA5JAPAN,0,
姫魔那 -Himana-,0,
神楽桃,0,
橘香茶藝館/橘香-きっか-,0,
きゃらめる,0,
あさよる探偵事務所,0,
ジゼル・クイン-GiselleQuin-,0,
ベルナデッタ・グラトニー　Bernadetta Gluttony,0,
夕凪潮 | yunagi ushio,0,
窓辺リカ,0,
Prismatic Waves ✩ | #NijiIDFF2021,0,
結芽ミントMin Ch.,0,
バーチャルバナナ🍌バナナアートアーティスト,0,
LuKya,0,
コッコちゃんねる【瞳美コッコ】,0,
Project A.I.D 公式チャンネル,0,
芽白やえ,0,
熊野ぽえみ / POEMI ch.,0,
くろいけもみみ@平和なパチスロ実践Vtuber,0,
Yui Nijiki【ニジキ ユイ】-Virtual Singer-,0,
Petr Petrichor ch / ペトル・ペトリコール,0,
清水イマイ,0,
人間と永遠-ひとととわ-,0,
ウィッチ・ダリ・スイート【最強魔女🌟ゲーム・歌・演技・イラスト】,0,
abyseaR,0,
花雲くゆりOfficial,0,
SPK,0,
月雲めえ /Tsukigumo Mee,0,
コーラスメイト -Chorusmate-【合唱部VTuber】,0,
杏仁しずく AnninShizuku,0,
たみーCh / 民安ともえ,0,
Icho Akiho / 銀杏アキホ,0,
六葉ミカ Mika Mutsuha,0,
小山ハル,0,
木漏日わんこWanko ch.,0,
Rita Kamishiro / 神代りた,0,
Hikari Channel / 飛良ひかり 【ななしいんく】,0,
千草はな / Chigusa Hana,0,
都古なつ,0,
Skonec Ent. Virtual Creator Channel,0,
Lexi Berry,0,
アンレナ / Anlena Ch.,0,
猫守喜 はなまるCh.,0,
Lily Kanon Ch.,0,
月ノ角らび,0,
結月らむ,0,
やしろあい,0,
永遠夏セシルーとわなつせしるー,0,
美味 馬刺 の古びた小屋,0,
NUL,0,
Mep,0,
眠猫まくらMakura Nenneko,0,
ミニエル Miniel / project Little Lindo,0,
TAKU INOUE,0,
Lilia ch.天音りりあ,0,
栞月つみき / Siduki Tumiki,0,
セトちゃんねる -666歳少年悪魔セト-,0,
スイマクララ-SwimaClala-,0,
瀬乃悠里,0,
飯田もえぎ!! パワー系ぽっちゃりVTuber,0,
天乃瀬こおり - Kori Amanose -,0,
sakuya azusaCh.咲夜あずさ ,0,
苺氷えな-itigori ena-,0,
Lyrica Ch. リリカ ,0,
酢酸 / SAKUSAN,0,
Bafuko Ch.バフコ,0,
丹花リン,0,
CateNa Channel / カテナ・ヴィオレッタ,0,
恋塚めぐる / Koiduka Meguru,0,
天死ちゃんと野良いぬ,0,
冷水ぬるめ / Nurume Music,0,
黒茉らむ,0,
鳳梨みこ / Mico Houri Ch.,0,
Yachi CH.氷置八茅,0,
Obake PAM Ch.,0,
御子柴千里 ‐Mikoshiba Senri‐,0,
一二三みくり-Utatane Mikuri-🔥💤,0,
めぐむめぐみ,0,
蒼依みう,0,
しき / Voice Ch,0,
Laz Channel / 古都Laz (ふると らず),0,
Chiika Ch. 山根ちいか,0,
三叉ルベ,0,
Azura Cecillia Ch.,0,
The Otals,0,
エヴェリン・バンフィールド ♔ Evelyn Banfield ,0,
諸星ツキナ -Moroboshi Tsukina-,0,
小蜂める - Mel Kohachi -,0,
アオノユウキ,0,
浅倉貴琳 [ 歌う宇宙人Vtuber ] Kirin Asakura,0,
杜咲なゆた -Morisaki Nayuta-,0,
Il libro di musica di Sakuya,0,
無重力 ぴの,0,
千歳ゆうり Yuri Chitose,0,
熊間まゆ / MAYU KUMAMA,0,
pomme,0,
御伽田カズヤ【V-kind】,0,
スラヲ,0,
夢川アンヌ,0,
Hikari CH.ネ申乃ひかり,0,
皇ちより / Chiyori Ch.,0,
るなぴょんプロジェクト -RUNA idol project-,0,
SNNNS / シイナナナセ,0,
Rotan Ch.龍星ろたん,0,
茂山すい /引退済み,0,
鳴宮こと / Koto Narumiya,0,
蒼川すい,0,
リオとツグ,0,
伊東ライフ,0,
sasakure. UK,0,
小花衣 ももみ / Momomi Kohanai,0,
花幽カノン Hanayura Kanon,0,
大蔵優介,0,
るとりん*Channel跡地,0,
おおかみ魔女のエトワール / Etoile,0,
暁月クララ / Akatsuki Clara【パレプロ】,0,
カスピ-kasupi-,0,
シクラりわ,0,
永久蓮雫‐Tokosie Renge‐,0,
虹咲りろん / RiLON Ch.,0,
Vsinger魅紗のチャンネル,0,
尾塚ロキ,0,
ROA Virtual Rock Singer,0,
夏灯工房 / Natto Kobo,0,
実心つむぎ /tsumugi,0,
香月ひさぎ Hisagi Kazuki,0,
真白とうふの角のないお豆腐屋さん,0,
やーちゃん /Ya-chan,0,
ルーナ・ルアルディ,0,
出雲めぐるちゃんねる【活動終了】,0,
Arumi Ch. 花傘あるみ / お絵描き系VTuber,0,
冒険家ゆたぼんチャンネル,0,
天使リリエル-Amatsuka Lilyel-,0,
アメノセイ-AMENOSEI,0,
月乃しう‐Shiu Tukino‐,0,
プッチ・スプリングデイベ,0,
Blaster Renko 無頼星れんこ,0,
灰猫ななし / ななしいんく運営,0,
白音ゆき【活動終了】,0,
AI SUMERAGI,0,
縁うか * 花の神様 *,0,
しばころ,0,
ラム睡眠 / lamb * suimin,0,
Clockwise Project,0,
いねたろう / Inetarou Ch. ,0,
倉花琴子 / Kurage Kotoko,0,
日暮ハル,0,
天羽しゅい_Syui Amaba,0,
菱川ヒシカ - Hishika,0,
紫桃ネロ,0,
ありがとうございました,0,
猫骨みたま -Nyakotsu Mitama-,0,
めんだこちゃんMendakoChannel,0,
山田にぼし - Yamada Niboshi,0,
シュヴァルツ × ヴァイス,0,
異世界楽団Laboheme,0,
アリスクリューム / AliceCryum,0,
Nia Redalion【MAHA5】,0,
SZK.chしずくちゃんねる,0,
 二葉こむぎ 実況ちゃんねる,0,
栗栖しま / Shima Ch.,0,
Koto Miyuri Ch. / 琴みゆり【卒業】,0,
水瓶メノ / Mizugame Meno,0,
Muse Indonesia,0,
Nekoyama Sena 〘 YumeLive 〙,0,
Nemutaka Yuta 〘 IgniteLive 〙,0,
Cerys Lobelia 〘 Yume Reality 〙,0,
翅城 灰子 / Shijyo Haiko,0,
沙汰ナキアASMR - Nakia Ch.,0,
Crazy Raccoon,0,
氷雨 悠冰,0,
青森りんこ・Aomori Rinko,0,
ちょこ,0,
どんどん亭,0,
犬飼あんず,0,
高妹狼- gao meilang -,0,
Melo ch. 聖蓮めろ,0,
花鈴すずめ#ちゅん_Channel.,0,
乃嶋りま_RimaNojima,0,
サキュバスのリヤ / riyadazo,0,
Losstime Life,0,
朝陽キノコ- KinokoCh寝る-,0,
碧乃ラズリ,0,
黄ノ星つくり / Tsukuri Kinohoshi,0,
よつばのひとろん,0,
古川ノブ,0,
Nameless Echo,0,
不可思議マキナ- HukashigiMakina -,0,
涼海つらら- suzumi turara -,0,
Room017/いなちゃんねる,0,
elena・badwise・itou,0,
天凪える/Amanagi El【えるちゃんねる】,0,
ルチード・ドルソニャ Lucido Dorsogna,0,
アラクネのぶいちゅーばー蘭蟲,0,
灰名KAINA,0,
逆巻ナナコ,0,
想い出の眠る場所,0,
やや犬ちゃんねる yayaken,0,
兆宮なな -Nana Kizamiya-,0,
七里エリシア│ElysiaCh,0,
HUZ Music,0,
路駅とまるーTomaru Michiekiー,0,
花山院 薔薇 / Kazan'in Rose,0,
音羽雫 [GEMS COMPANY ジェムカン],0,
dingerディンガー,0,
星乃歌カズ/Kaz Hoshinouta,0,
KIRISHIBA Vtuber,0,
七篠のなめ,0,
入洲ナナ,0,
ましろちゃんねる。-Mashiro Channel-,0,
れべるちゃんねる,0,
南雲真希奈,0,
根暗いあ /nekura ia channel,0,
フレアちゃん寝る,0,
黒羽マオ【Kurobane Mao】,0,
エレクトロニ子 electronico,0,
hal,0,
桜庭ありあ,0,
桃雛なの,0,
白井ティア / Shiroi Tier,0,
卯丸とあ - Umall Toa -,0,
仄架よみ,0,
朝久間姉妹ちゃんねる,0,
 Channel yao,0,
珠里 -Syuli-,0,
笹柳陽鞠 * Sasayanagi Himari *,0,
早瀬やよい【841ch】HayaseYayoi【DELTA ESPORTS Streamer】,0,
ひさねーちゃんねる,0,
椎葉アキラ,0,
Conono Ch -九重このの!-,0,
宇佐美黒兎UsamiKuroto,0,
めりぃぱめりぃ,0,
源ニコ- Nico Minamoto -,0,
阿出川リンネ,0,
猫西もなか,0,
北上双葉,0,
遊翔アビ /Abi Yuuto,0,
ファム・ファタル* - (f)EMME FATALE,0,
メルト・ミラージュ,0,
山田 垂 ,0,
Kureha Kurono 黒乃くれは,0,
かなかまなだよー!,0,
コバブルCobablu,0,
Kohaku Ch / 唯牙コハク,0,
HoneyWorks - Topic,0,
アンフェール・ミレイ / Enfer Mirei,0,
緋弦かづさ_Kazusa Hizuru,0,
鯖乃 いちか / Ichika Sabano,0,
乃白のの,0,
花咲つゆ -Tsuyu Hanasaki-,0,
光居ユウマ／Yuma Miori,0,
エルタちゃんねる,0,
ソフィア・ハリス〈Sophia・Harris〉,0,
ミッシェル・ロロ・コットン,0,
Yummy Ch. -恋苺やみぃ-,0,
陽凪いおな /YonagiIona,0,
百合園える / Yurizono Eru,0,
世ノりある / YonoReal,0,
敗北ちゃんねる,0,
狐島フナ,0,
なつきちゃんねる*。/あおぎり高校,0,
Nezune Ch. 守離ねずね,0,
山谷折,0,
野宮のん,0,
Ghost Town Orchestra,0,
琴音ニコルの音楽室,0,
菱餅ノーラ /Nola Hishimochi,0,
ばにら@VirtualBunnybyVanilla,0,
NagamiMugi,0,
Meruru,0,
dazey,0,
Haruka Karibu,0,
兎妃シスイ‐TokiShisui‐,0,
a,0,
音姫うに,0,
X’Flare project,0,
TotoseEni /兎々世えに,0,
【くらまちゃんねる 】御先蔵馬,0,
GALDE'rLa,0,
得愛 ユニ@VTuber,0,
星菜日向夏[GEMS COMPANY ジェムカン],0,
鈴村うづき,0,
サクラメイ Channel,0,
-Liza Channel-,0,
黒兎ウル kurousagi uru -VIRTUAL-,0,
天比良地高校オカルト研究会,0,
クリムゾンチャンネル Official,0,
44SUPER,0,
ななせ,0,
cyan slime,0,
綿飴ユメ,0,
パンディチャンネル,0,
カナメとハルキー,0,
雑葉学美 - Zouba Channel,0,
【ASMR】夢川いちる,0,
瀬津325（setsu sakana）/Vtuber,0,
本猫みけ,0,
シアーミュージックV公式,0,
メタモエチューブ,0,
HØRI 07『VZ』,0,
Emberlith,0,
黒音よみ【活動終了】,0,
金剛いろは,0,
幽夜ねむ,0,
Nanamine Games / 七峰ニナ,0,
狼森レト / Oinomori Leto,0,
転寝ころぶ,0,
猫 こまる Neko Komaru,0,
MELBELL Ch. メルベル🐾,0,
VINEE ch,0,
おうまゆうOumaU,0,
人生 つみこJinsei Tsumiko,0,
phi,0,
岬ばにら / MisakiVanilla,0,
柊木ユキ,0,
AkihabaraLab-アキラボ-,0,
白黒あんこ /あんこの部屋Ch,0,
夢時らぱんの不思議の国ᙏ̤̫⑅*,0,
Otsuka Ray ch.乙夏れい,0,
そらぽしch(宙星ぱる)―Soraphoshi―,0,
作業進 Sago Susumu,0,
せんのいのり / SennoInori,0,
金美館通りの藤村さん,0,
中村メシア,0,
Nyako Ch / 招福にゃこ,0,
白瀬スイナ / Suina Sirase CH.,0,
夕葉倫,0,
神ヤヤネヒ - YAYANEHI,0,
桃ちゃん,0,
宮古ミーゴ 【喫茶ユゴス】,0,
みやまんチャンネル,0,
暁月夢 - Akatsuki Yume -,0,
【ヒトトセ研究所】,0,
Stripe,0,
Rhua,0,
赤音ほむら / Akane Homura,0,
みぼねこちゃんねる,0,
鈴白なな /Nana Channel,0,
桜乃ましろ,0,
なあこ Naako Channel,0,
pie pie lie lie,0,
初鹿野ことな,0,
翠 ししゅも / SUI Shishumo ch.,0,
Aria.Himeno channel,0,
紅杯ひぐれ / AkatsukiHigure,0,
おだのぶVtuber,0,
月夜見ロキ_ Live2Dモデラー,0,
倭雲レン,0,
メリーミルクの森,0,
夢羽つつ,0,
世界名作劇場,0,
めいみ えれ / meimi ere,0,
うみCh.幽ヶ崎海愛,0,
御伽乃ありあ -Otogino Aria-,0,
なつめやみや / Natsume Yamiya,0,
Chrono_Tokine Channel,0,
千伐るしあSenbatu_Rusia,0,
Shirabe Ch.巳社しらべ,0,
如月しろる,0,
PHILHARMONIC PRINCESSES,0,
さんみ - Sanmi -,0,
おうばどらいぶch,0,
#NAME?,0,
あんさくちゃんねる,0,
Hasuki Ch.蓮希るい,0,
手鞠マリ-TEMARI MARI-,0,
金平あめの自由帳,0,
りんりんとあそぼう,0,
月城あきら - Tsukisiro Akira - ,0,
Erima Channel,0,
煮ル果実 / NILFRUITS,0,
ヤヤナナメ,0,
ムダイ【仮】-Untitled-,0,
木通ニク,0,
めいちゃんねる,0,
小金井コガネ / SunGoちゃんねる,0,
藤原いと,0,
ReidenKasuka,0,
Vketチャンネル Official,0,
くのいち子のちゃんねる,0,
あすかなプロジェクト【海堂飛鳥と苺谷星空】,0,
エイレーンチャンネル,0,
日辻シラム,0,
そらのとあ,0,
*Surai Mumu ASMR*透来むむ,0,
ひとつ / Hitotsu,0,
ミズノユク,0,
牧場野みるる💒おしまい。,0,
久留宮夏樹,0,
神斎 凪Kamiitsuki nagi,0,
THEe(しー),0,
Hibiki Kayomi,0,
羽宮のあ,0,
むらゆき-MURAYUKI,0,
妖怪、花琴いぐさ,0,
93poetry,0,
御来屋 久遠 -mikuriya 9on-,0,
Temari Ch.綵 てまり,0,
yuki Ch. ゆき,0,
夢星ねるちゃんねる,0,
《クルマVチューバー》クラリゼちゃんねる,0,
おじきちゃん / Ojiki-Channel,0,
風月澪【れぇちゃんねる!】,0,
オカルトフリーク / OCCULT FREAK,0,
Emi Hayugak Channel -覇優雅エミ-,0,
キツネDJ / Kitsune DJ,0,
Mu_649,0,
馬車道Channel【Akiba Cinderella】〇,0,
わふチャンネル,0,
ミディ / バーチャルトラックメーカー,0,
吼檀 / KuDaN,0,
雨露 こうし,0,
有栖川いをりAlicegawa Iwori,0,
しきはうすチャンネル,0,
poemcore tokyo,0,
あづままお,0,
ちぃさいちゃんねる【SMaLL ch】,0,
水井しろめ,0,
火神カカ,0,
入夜目 美空,0,
鯱家るか -SHACHIYA Luca-,0,
ティル・ルンペルージ - Till Rumpelouge -,0,
あやひなチャンネル,0,
寧々丸,0,
Chalon ch. シャロン姫,0,
レイニール・ベイカー,0,
風星 がじゅまる【Gajyumaru Kazehoshi】,0,
sukotte CH スコッテ,0,
宇都圭輝 [Keiki Uto],0,
Yukino,0,
言霊少女プロジェクト【公式】,0,
紅狼サツキ-Kurou Satsuki-,0,
ザルファヴァルド,0,
【Koyori Channel】こよりチャンネル,0,
紫藤コウ-Kou Shido-,0,
音楽的同位体 可不・星界・裏命・狐子・羽累 Musical Isotope,0,
esora uma,0,
GhostCrown,0,
近衛セナ / Sena Channel,0,
Hosaki Menma Channel,0,
Shanoa Channel,0,
あけさとチャンネル - Akesato Channel,0,
コネ・タ・ネコ,0,
cacalianz,0,
Mana Re.,0,
朝比奈うたch,0,
天鳥ココロ,0,
えるくOfficial,0,
かぎゆい,0,
大都つくし,0,
Lumina,0,
花緑アヲ  Ao CH. ,0,
日本烈島PROJECT,0,
淡紅 チアカ/Chiaka Channel,0,
Kira Pika Channel -キラピカちゃんねる-,0,
Blasha,0,
ふたもちやまい,0,
teresaAI,0,
『ReVdol!』公式チャンネル,0,
白咲べる / Bell Channel,0,
響歌音,0,
ゆめのまい,0,
ひものげーむず -HIMONO GAMES-,0,
真昼ノ雪鬼-Mahiruno Yuki-,0,
真臣 悠香 / Maomi Yuuka,0,
ウタノツバサ,0,
ひじり / hijiri,0,
さはな,0,
ハティ・マーナガルム / Hati Managarm,0,
鬼霧シアン【北海道釧路市観光大使】VTuber　Cyan Onikiri Ch.,0,
纐纈空春 /AkiharuHanabusa,0,
柚月ゆず -YuzuTube!-,0,
ふかみすいれん　FukamiSuiren ,0,
内藤めある-MearuNaito,0,
Io Ch. 九頭龍いお Ch. VOD Archive,0,
Maid Mint Ch. ミント・ファントーム,0,
一あやね / Ayane Ninomae Ch.,0,
白宮レイ,0,
Keitaa Ch.,0,
佐久間ねむSakumaNemu,0,
Rae Laveire,0,
ちゃんねる🌸ふじの,0,
ぽっぷみChannel,0,
Yozuki Ropi CHANNEL,0,
雷坂ゆうな Raisaka Yuuna Ch,0,
華城かをる,0,
uiru channel,0,
笑主(えぬし)しぃ / にいがたCチャンネル【公式】,0,
天目童心Channel,0,
ハスタちゃんねるHastur Channel,0,
Nekonokami.ch-猫ノ神家の日常,0,
桜井ユイ(Yui Sakuai),0,
KITSUNEKON,0,
Konomi Ch.泉谷 このみ,0,
ゴメソちゃんねる【彩毬ゴメソ】,0,
Sakiチャンネル,0,
東あさひ - Azuma Asahi,0,
架咲なる,0,
するめたん - Surumetan -,0,
西島ニコル - Nicole Nishijima -,0,
黒咲りん / Kurosaki Rin Channel,0,
SENSE MUSIC ＆ BGM channel,0,
みやしまの部屋,0,
Vtuber月拠といろ / Tukuyori Toiro,0,
TakaCheer Channel,0,
花籠モア　Moa Hanakago,0,
火渡飛鳥 / Asuka Hiwatari,0,
ねむみねむ,0,
CROWK,0,
絵咲まくら / oftunLABO,0,
しゅかぴの司令室！,0,
yasai yasai,0,
KyokoAmane,0,
和崎あこ / Wazaki Ako,0,
わさびチャンネル,0,
片桐マミ / Katagiri Mami,0,
ことはchannel,0,
ポッケちゃんねる〈Pokke Ch〉,0,
天色おとは【おとはのひみつきち】,0,
環さんごTamaki Sango,0,
高槻りつ / Takatsuki ritsu,0,
SENOLOSA-Chan,0,
満点花丸-manten hanamaru-,0,
Tenten Ch. / 鳳玲天々,0,
バーチャルユーチューバー「はがね」のチャンネル,0,
どんまろちゃんねる,0,
彩咲茜,0,
南登かなる -NantoKanaru-,0,
Bear Ch.くれないべあ,0,
琴子ちゃんねる,0,
ツタエルちゃんねる / tsuta-l channel,0,
Kurumi Ch. 癒音くるみ,0,
Yukari Ch / 皇噛ユカリ【METEO】,0,
Project Ally,0,
モニカ・ユッケスキー,0,
莉子ちゃんねる,0,
【切抜OK】制服カノジョ💖せーふく部ちゃんねる公式,0,
エニル /Enil Channel,0,
男鹿なもめ,0,
Diz PHAZE,0,
星森ミコノのアトリエ - Atelier micono -,0,
月街ういの -Tsukimachi Uino-,0,
ゆるりめぐ,0,
夜月カエデ,0,
宵夢みる -らいとあっぷ所属-,0,
桃園ねむ- Nemu Momozono -,0,
アイリス・ルセン - Iris Lucen ch. -,0,
koko Ch.兎羽理ここ!,0,
Akane Ch. 緋乃あかね,0,
2181channel - ツイ廃ちゃん - Entertainment,0,
i_nium,0,
ありさのげーむべや,0,
羽天ひより-UtenHiyori,0,
枠田ちさき * 厚盛ちぃな チャンネル / Wakuta Chisaki Ch.,0,
甘麻埜夜沙ちゃんねる,0,
つきちよちゃんねる,0,
立花リツカ-Ritsuka Tachibana-,0,
はちたろうくんの部屋,0,
みかみ茉姫 /Maki Mikami,0,
如月こより / KisaragiKoyori,0,
ノルちゃんねる,0,
RYO Channel,0,
とらんぷproject【Vtuber】,0,
Cottage Project,0,
犬星ろろん,0,
墮天幽魅,0,
すくろーるちゃんねる!!! ／ 巣黒るい,0,
フレアちゃんねる,0,
花里凪帆 / Nagiho Hanazato,0,
虹咲みたまちゃん寝る,0,
도차비&호요리,0,
寧夢ねむる,0,
こまつりなチャンネル / Rina Komatsu Ch.,0,
Yuzuka Channel,0,
Nowhere -終末少女-,0,
朝陽にいな / Nina Ch.,0,
リフ_プレーズ,0,
六道冥 -Rokudou Mei Official-,0,
柾花音~Masaki Kanon~,0,
マリカ・マツリカ_Marika Matsurika,0,
藍葉じるあ,0,
羊のよりみち,0,
小紫ひな チャンネル,0,
AMAKI OKOME CHANNEL ,0,
タピオカ映え,0,
うえいく,0,
水宮セレナ,0,
ローズ・ロアンヌ /Rose Roanne,0,
神蛇ククル-kanda kukuru-,0,
ぷりゅね,0,
Life-size Channel!,0,
Mewtral Official,0,
Ruruca ch.妖狸るるか,0,
むぎのつむぎ,0,
USAGI Production,0,
ねこめろんるる,0,
杠葉ちほり,0,
水流しゅりな,0,
紗夏-サーシャ-,0,
ゆにチャンネル UNI Channel,0,
霊界ラジオ,0,
バーチャルおばあちゃんねる,0,
笹栗 直,0,
ユキミお姉ちゃんねる-Yukimi,0,
Pinky Pop Hepburn Official,0,
R Sound Design,0,
夢乃実ネムリ/Nemuri Yumenomi,0,
届木ウカ Todoki Uka Channel,0,
菜刈らお/VTuber Nanokari Rao ch,0,
Karen Ch. 金城院カレン,0,
HarvestMoon&Friends,0,
日ノ本和子,0,
美多みたん / MitaMitan,0,
夜見乃エネ Ene Yomino,0,
風羽ミウ -Miu Kazahane-,0,
レッド:プライドオブエデン 公式チャンネル,0,
Shizuka Rin Official,0,
サラダまよね,0,
充輝ぷらぐ,0,
Hanon Ch. 羽音,0,
ゆんちゃむちゃんねる,0,
椿鬼いろは / Iroha Tsubaki,0,
桃星愛花-まなちゃんねる,0,
翡翠とら / Hisui Tora,0,
Lie【猫足昆布.net】,0,
クイーンハニー【VTuber】,0,
鹿乃 / MKLNtic,0,
水無月みづき,0,
アラゼナ-ARATO&XENA-【活動終了】,0,
Virtual Sabaku Records,0,
レグナ,0,
ミューランド国営放送局,0,
遊喰らせつ / Yubami Rasetsu,0,
朝霞しお,0,
コトリネちゃんねる,0,
小宙るる,0,
綾鞠-ayamari-【MarbleCreators】,0,
いんくちゃんねる【活動終了】,0,
稲荷沢こん,0,
逢坂まの/Mano CH.,0,
綺羅魔ヤミ【Sub】,0,
REDALiCE,0,
比奈宮もな -Mona Hinamiya-,0,
霧島みずき チャンネル,0,
Andi Adinata【MAHA5】,0,
マリーちゃんのチャンネル,0,
瀬戸あさひ,0,
鶴来つゆ【 TSURUKI TSUYU CH 】,0,
ORESAMA Official Channel,0,
そらかなた,0,
春野まりも,0,
茜ヶ崎れお / Akanegasaki Reo,0,
ころ&ショコラVtuber.Coro&Chocolat,0,
ぴぴぴぼぶびびみ゛ゃん / Buki,0,
Over Head Act,0,
大字らしお,0,
Arureiya channel,0,
白鳥くるみ / Kurumi Shiratori,0,
よかとちゃんねる@福岡,0,
雨乃ミント,0,
星月くぅ,0,
みなみちゃんねる,0,
むにひめ*,0,
水月まるる,0,
夜野ねおん,0,
陽向ここみ / Hinata Cocomi,0,
YAMADA_JOHNNY HENRY,0,
夢川空亜,0,
ねおん。,0,
Riru璃露,0,
可哀片コハルの終末世界,0,
西坂恭平,0,
かんざきひろ / Kanzaki Hiro,0,
小針ぬい:Nui Kobari,0,
MARAMIKHU,0,
Sana Izumi 泉サナ,0,
AUAUA_Channel,0,
None,0,
Mia Canasyna,0,
amaki channel/竜田 天姫,0,
ひなの羽衣 / Hinano Ui,0,
vtuber tukky,0,
榊はなちゃん,0,
架空ぶい,0,
一夜一世,0,
Kapra Kazami 風見カプラ,0,
花ヶ崎あお【DateLinks!】,0,
月猫すず tsukine suzu,0,
V01 YUME official,0,
双月りあ双月ゆなch,0,
羽苺丸 ひめか -Uimaru Himeka-,0,
Ikusen/いくせん from Taiwan【official】,0,
水鏡涼,0,
🔮白樺、花風ちゃんねる🌸,0,
まこふるちゃんねる,0,
小鳥遊音彩,0,
のここ,0,
虫かご(空),0,
Yokota Mary/横田メアリー,0,
十甘四季,0,
桃乃亥タオ[Momonoi Tao],0,
作個好夢吧。,0,
もちひよこ,0,
東雲譲,0,
とごぷらちゃんねる,0,
桂木なる,0,
小犬丸あやね,0,
天間舘ルシエch(休止中),0,
星ノ宮れの【ユリアンナ女学院】,0,
阿古江レイスケ,0,
狼谷ロア,0,
阿宓/Ami Channel,0,
ゆき&ポッチch,0,
Room041,0,
行崎舞夜,0,
USAGIHIME 兔姬,0,
イチねこチャンネル,0,
Sスタジオ 公式,0,
砂糖あむ,0,
まほろチャンネル,0,
Ame Channel -みなかぜアメ-,0,
虎渡がお,0,
ミァハ /miaha,0,
海凪みく,0,
Sayo Shijima,0,
NiwatoriTV,0,
ヴァーチャル養成所,0,
織田信姫,0,
文化放送V&R,0,
白花伝伯爵 日立の家電 公式VTuber,0,
リサ・キャンデールちゃんねる,0,
しらゆりヘブンちゃんねる,0,
星栞カノン,0,
間倉トキ,0,
アズミちゃんねる,0,
イツミちゃんねる,0,
長谷みこと [GEMS COMPANY ジェムカン],0,
椿田りさ,0,
Oga Ch.荒咬オウガ,0,
HAUNTEDWONDER【公式】,0,
鈴音舞夢 / Maimu Ch.,0,
Vtuber彩音れおんちゃんねる,0,
夢祈レイワ,0,
宮間めさの『テイコク立体』,0,
おりさやちゃんねる / ORISAYA Ch.,0,
모아 EIVE,0,
ロマロマ,0,
團 舞榴 - まるい まる -,0,
Vtuberシーエ,0,
ツキノヒカリ,0,
Kotonoha / 言羽,0,
はちゅん,0,
ｱﾙ中みりゅりゅの歌うたいCH,0,
まどべりか,0,
輝マレカ／Mareka Kagayaki,0,
【Vtuber 夜月ろぴ】Yozuki Ropi CHANNEL,0,
Aoi Sora Channel,0,
栗栖メープル,0,
みつぐみ,0,
奏波なこ,0,
星野光,0,
すーぱーそに子ちゃんねる,0,
琴森せんり,0,
NEMOKNOWch -ねものぅch-,0,
エロイーザ,0,
WatashichanNEL ゆめのわたし,0,
小花衣しぃ,0,
ねむちゃんねる【メタバース新世界紀行】,0,
REVEDOLL,0,
もちみち,0,
守護っ天使パテピュア,0,
中田つむり,0,
BOXDOPE,0,
YUIKA'S ROOM,0,
夢野ゆあ,0,
マメミド,0,
Ranmaru / らんまるちゃんねる,0,
九重ららか ch.,0,
Ran Channel / 日ノ隈らん 【ななしいんく】,0,
活動は終了しました,0,
草野,0,
ばぶかす / VAV-KAS,0,
よもちだいふくの『もちもちちゃんねる』,0,
園崎ナクラ Nakura Sonosaki,0,
喜多是にゃわわ,0,
アミノちゃんねる,0,
Kaheru Ch. カヘルチャンネル,0,
虎ノ宮 ハク,0,
小夜月トキト,0,
双葉汐音/しおちゃんねる,0,
綺羅星ウタ/ウタちゃんねる,0,
リリーのミラクルなちゃんねる,0,
キャロ•パラサイト,0,
ma,0,
とこよ かりこ,0,
やまみー,0,
咲乃木ロク,0,
Arisa,0,
純白こゆき-Masiro Koyuki,0,
あおい さくや【静岡グルメ┃カフェ┃ランチ食べ歩き】,0,
甘塩むすび,0,
青夜ばくー Seiya Vaku ー,0,
なう。,0,
不死原ゾンゾン,0,
紫桃あのん【Crazy Cooking Devil Anon Shito】,0,
斗和キセキ,0,
LEOTARD BUTA & YAGI HIGHLEG - Topic,0,
ちゃおチャンネル【公式】CIAO,0,
えんむすび,0,
アリエス - Aries -,0,
竹取かるた/Karuta Channel,0,
さくら芽里 Official,0,
Talency,0,
Living Visuals Project,0,
櫻歌ミコ / Ouka Miko,0,
白藤ミコヨ,0,
四葉 メリィ / Mary Yotsuba,0,
三十六いざよ Izayo Mitoroku,0,
Neko Hacker / ネコハッカー,0,
oricon,0,
獅子心,0,
不二野ありす-aris fujino-,0,
藍兎らび -Aoto Rabi-,0,
山葵音楽学校プロジェクト,0,
七色れあChannel,0,
Aoi Fuji - Topic,0,
蟻塚森厳Ariduka Shingen /,0,
りほ Official 【 愛結りほ 】,0,
となりの研究生マシマヒメコ。,0,
綾奈nana,0,
GIN CHANNEL「環左金」Vtuber,0,
UNIVERSAL MUSIC JAPAN,0,
姫乃愛琳,0,
Asakura Yui Channel,0,
おとりざ〜みらくるとりっぷ〜,0,
海野あおいCHANNEL,0,
Natsumi Moe - VTuber (Eilene Dub),0,
都会えぬChannel,0,
ARu子,0,
ちくわちゃんねる,0,
Mayo Ch. 高城まよ,0,
食べる大谷さん,0,
彩田花道,0,
Kyohei Makita,0,
DaysLastCall,0,
Emma Hazy Minami,0,
世界クルミ JKChannel,0,
ハート様のはーとふるステーション,0,
Ui channel 華江兎苺,0,
上野ももか〖眠れる声とASMR〗,0,
バーチャルヘルニアメドレー作者系JKニコメド広報部出張所,0,
チェリ高帰宅部,0,
Café and Bar Dante's Peak - ダンテズピーク,0,
しょーマスタch,0,
アマクサナナシ,0,
音葉大也 / DAIYA Music Ch.,0,
最上レン,0,
食虫植物TV,0,
THE BINARY mido,0,
椿正義チャンネル,0,
向日葵なっつ,0,
馬越健太郎チャンネル,0,
雨笠しのチャンネル,0,
弓弦羽夜々,0,
猫麦くるりちゃんねる,0,
RANKA GAMES,0,
シャルロットシュガー,0,
メカルちゃんねる,0,
鶴傘リアchannel,0,
おんぷチャンネル,0,
うさぎのきゅーぶ,0,
鈴鳴ろこ,0,
くーねる / MC Cu-,0,
バスター Buster,0,
桃源キョウヤ / Tougen Kyoya,0,
米田らん*,0,
アナトの企画バーチャルチャンネル,0,
Waifu Wednesdays,0,
フロナンChannel 《フロントナンバー》,0,
天馬翔,0,
VirtuaRish,0,
狼の西村さん,0,
ユメノウララ,0,
宇宙物理たんbotのアストロフィジカルトーク,0,
ジェシカ・マージマン,0,
YUI F-022,0,
津花つばさ【仮】channel,0,
中村さんそ,0,
神代椋弥 / KASHIRO RYOYA,0,
狛井トラ,0,
蓮田エリヴCh,0,
ロテ,0,
REALITYボーカリスト部,0,
りんご*Teatime,0,
MilkyTube/みるきぃ,0,
おさナズちゃんねる -OsaNazu Channel-,0,
Re:A projecT,0,
星天ちゃんねる,0,
朝宮ゆり,0,
多々星シエル/シエルちゃんねる,0,
ルキロキチャンネル - Ruki Roki Channel -,0,
こま犬っ‼︎式神のぽめた。@新人Vtuber,0,
Maya Putri,0,
黒瀬家,0,
水彩るりチャンネル,0,
ぐみちゃんねる,0,
星ノ谷みや,0,
しろといっしょ - ASMR -,0,
Kayuku Sazanami Music,0,
Okojyo_ Channel,0,
ぷえるちゃんねる-PueruChannel-,0,
ゲーム部プロジェクト,0,
Ruri Channel /胡桃坂るり,0,
Vtuber城星譲友&VIC,0,
まりの歯,0,
八重沢なとり / Yaezawa Natori,0,
зணмمહેวัലോمው你hহ্যাសួւوਲలోमんτಹرلහෙაາלд요हॅယ်स्ते,0,
初恋ちづる,0,
haruakira,0,
コノホテリ,0,
仮乃スガタ旧ch,0,
Zombi-Ko Channel,0,
ZUCCHI Channel,0,
かおりちゃんねる,0,
そふぃらいちゃんねる,0,
るるなだよ,0,
茸の里,0,
Kafka Channel,0,
オワリカナ-OwariKana Channel-,0,
篠崎教頭,0,
九頭龍アレン,0,
フィル【amp_movie】,0,
仁木探偵事務所,0,
4ra8 -shiraha- ,0,
めでゅーさちゃんねる♡新人Vtuber,0,
言ノ葉キリヤちゃんねる。,0,
ニー子ちゃんねる,0,
Hikari Popova Channel,0,
綿雪ひぃ,0,
白衣まなみチャンネル,0,
賢乃ちえり ちゃんねる,0,
終末RADIO ,0,
WHITEHOLE,0,
ちょこまかちゃんねる- Choco Maca Channel -,0,
XOXO,0,
来栖ミント,0,
鍋之でん-nabenOden-,0,
PROJECT:VARTH,0,
【公式】SEVEN's CODE ーセブンスコードー,0,
ウツロちゃん,0,
朱鷺村いまり,0,
陽与こまめ,0,
NidoneThetasub,0,
シオリスネイル(Shiori Snail),0,
Ni-na Channel,0,
謎解き戦士 ガリベンガーV,0,
星園かのん,0,
ぴぐまりおん。公式アカウント,0,
GAKUGEIDAI JUNES,0,
佐々野ささき-Sasano Sasaki-,0,
カティア / バーチャル電子音楽CH,0,
KiARAちゃんねる,0,
皆守ひいろ/ Hero Minamori,0,
たまひめちゃん,0,
三田そにあ ‐Mita Sonia‐【卒業】,0,
大田マト / Primitier Dev,0,
FutabaCh. 猿楽町双葉,0,
EMAchannel-エマ,0,
ちゃらんぽらん隊,0,
ゆにゆにこ/uniunico,0,
alaki_paca,0,
七海 波音 nanami hanon,0,
兎紗みみ୨୧Channel,0,
赤坂まさか,0,
氷上のばら,0,
クスモト,0,
avex,0,
空色せいら[Sorairo_Seira],0,
Picatrix,0,
白鷺ネクロ【Shirasagi Necro】,0,
雨ノ葉ネイ,0,
LOTUS BOY,0,
Victor Entertainment,0,
吾味人美,0,
お化けのメンマ保崎メンマ運営 サウンド制作VTuber,0,
ケモッサム,0,
いぬじまちゃんねる,0,
VISUAL ARTS Japan,0,
ILL PROJECT,0,
滝原さや.png,0,
抽象概念ピンクだま,0,
ばんぷろ.Music,0,
猫乃木もち,0,
NACHOCO Channel,0,
REI's Fictional Channel,0,
heiakim,0,
私立恵比寿中学,0,
天秤はかり/Hakari ch,0,
DD channel,0,
水月せな,0,
酒呑みみこは酒とゲームがあれば生きてける。,0,
777パチガブチャンネル,0,
シアシスターズ *Shia Sisters,0,
rim sollasido,0,
Mer Ivy,0,
Kaguya Luna Official,0,
チャンネルLucina Azhar,0,
Yuna Channel - 桜美ゆな -,0,
炎矢アツシ-Enya Atsushi-,0,
タチバナまんまる,0,
ヒトフタちゃんねる,0,
メイシー,0,
Vampire Mansion,0,
SatsuMai Channel,0,
双理マイ/マイちゃんねる,0,
羽原ゆとり,0,
フラミーユ,0,
緋本アリス-Alice Hinomoto-,0,
いるはーと,0,
てるてる法師,0,
癒やしと音Iyashi Tone,0,
ヴァネドラCh@Vtubeｒ,0,
Wondershare Filmora 動画編集,0,
珠根うたChannel,0,
鈴木ゆゆうた,0,
虹色ひらり,0,
闇夜 桜,0,
[JP&EN] うぇはすUehasuVT,0,
ああ,0,
異世界転生バンドMUSETTE III,0,
辰鷹丹太 | Tattaka Tanta,0,
山田アルテミス Yamada Artemis,0,
あんずちゃんねる/Anzu channel,0,
糜粉棠/みっチャンネル【VEgo所屬家裡蹲】,0,
悪魔のメムメムちゃんねる,0,
꧁ZOPAR - ゾーパー꧂,0,
Mia Channel,0,
みみみch / 湊音みなみ,0,
ココロナキ,0,
Yatterman Channel/ヤッターマンチャンネル,0,
椿ちろる,0,
乾弓ハツメのだらだら日記,0,
森永みう,0,
Noelle project,0,
LIGHTLIVE,0,
白虎 - Byakko,0,
でび縺」縺。縺ッ豁サ縺ォ縺セ縺励,0,
まじかるどーる / Magical Doll,0,
結城リノ- virtual singer -,0,
LOBOTIX CHANNEL,0,
JJ channel,0,
月曜日は滅亡しました,0,
ね,0,
雛瀬さくら,0,
【多重人格搭載型VTuber】カラノサラ-KaranoSara-,0,
ひだまりラリアット,0,
芦戸レニ,0,
寺悠迅,0,
ウェザーロイド Airi（ポン子）,0,
minase rui,0,
小早川奈奈/奈々【VEgo魔法実習Vtuber】,0,
椿ユズ Channel,0,
藤納戸めのう,0,
竜宮うら/Ura Channel 【おとりざ和編】,0,
VR沖縄人ユイ,0,
ゆめかChannel・ω・,0,
ちゃんねる夜木,0,
ぴょん,0,
ゆむゆむ (Yumu / 閻夢々),0,
Лироша Channel リローシャチャンネル,0,
めいでん,0,
月羊めとろ / Tsukuyo Metoro,0,
音葉ねね Nene Otoha,0,
いたずらっ子なフィルウ,0,
M A,0,
忍音ニコ,0,
夜霧メイ/メイちゃんねる,0,
ォ逅,0,
くるくる喫茶店 KurukuruCafe,0,
しくじり性教育の由宇霧ちゃんねる,0,
MINAMI MOMOCHI,0,
バチャカリ 【 大鳥一姫、前田花奈、風見舞子 】,0,
愛守ノユリ【 Ice Noyuri Channel 】,0,
UNEVENS放送局,0,
ゆるふわ男子のせぃが君　お歌とラップとおえかき,0,
りん,0,
HIMARI Channel,0,
琴月てとチャンネル,0,
Ficty,0,
Secret2 ソラ&セレナ,0,
Tenka Hajime,0,
"アニメチャンネル by Lide, Inc.",0,
のんちゃんねる【桜月花音】,0,
Kise Mako Channel,0,
솔이솔이,0,
ねこねこばやし,0,
ゆーはむチャンネル,0,
あっくん大魔王,0,
蜂乃蜜味 / Hachino Mitsumi,0,
殊文あけび,0,
unity-chan!,0,
ずぼら ゆる,0,
水喪ユユ / minamo yuyu,0,
たまごらんどチャンネル,0,
REIRA CHANNEL,0,
佐藤さん SATO-san,0,
MIA V-WORLD,0,
藤間桜【22/7公式】,0,
ちゃんねるうるめ,0,
cerita tessa,0,
Hacka Channel ハッカドール,0,
ネアちゃんねる,0,
イドラチャンネル,0,
ライラちゃんねる,0,
あみのさんち[Amino's Home],0,
Yumenoshiori ASMR,0,
九宮球,0,
小町ノノ/ Nono Channel【おとりざ麗編】,0,
桃丸ねくとのもも もももッ!!,0,
メエシカちゃんねる,0,
固体量子-こたいりょうこ-,0,
月島ハノン[ピアニストVtuber/トマト組],0,
アマヒマチャンネル [AmaHima Channel],0,
W&W,0,
雨音 翔子,0,
パルタル / Partal Channel,0,
maruchanchannel,0,
Kanon Ayasaki綾前 叶音,0,
人形劇系異世界Youtuber 高い城のアムフォ,0,
魔法少女ちあちあちゃんねる,0,
イヌージョンCHANNEL,0,
白二郎とアライグマ博士,0,
SOTHIS Under the Moon Light,0,
Sayo Channel,0,
白式クロルちゃんねる,0,
でんき,0,
DOLL GAL millna,0,
バーチャル男の娘藍原八千夜,0,
小林幸子はYouTuBBA!!,0,
はちこ【VTuber】,0,
エリカ,0,
ローゼアトの研究室,0,
バーチャル和楽器シモム,0,
レンガ塔男爵《エブリビオン放送軍》,0,
けもみみおーこく「狐」,0,
たもと,0,
空想料理店 蟹,0,
ツキミユメノ,0,
canniko 18,0,
ナイセンチャンネル naisen channel,0,
隻翼フィナStage!Fina's Wing/,0,
ぬいものアイドル たきゅーと,0,
廻転楕円体,0,
Ibuki Rem Channel-一颯れむ-,0,
肉片ちゃん2nd,0,
鞍馬つむぎ/Tsumugi ch,0,
魚住チカ,0,
「巫女x巫女」Channel,0,
sia record,0,
かぎのないこ,0,
フォルテハルおふぃしゃる,0,
安田 灯李 / Touri Yasuda,0,
六弦ラウド,0,
バーチャルクラリネッターたまちゃん,0,
コハクのおうち,0,
逢魔 くるゐ,0,
hitsugi,0,
MidoKarma,0,
nabano_ channel,0,
琴吹ゆめ【Yume Kotobuki Official】,0,
Virtual Mushroom,0,
魔宮ベル,0,
Vtuber News報道局,0,
夜中ヨル / Yoru Yonaka,0,
須栗れい ダブステップ系VTuber,0,
きらめるちゃんねる,0,
Amane Maho / 天音マホ,0,
畑のVTuber陽菜 -Farmer Hina-,0,
Emoco Ch. / えもこ,0,
キキちゃんねる,0,
もあチャンネル / Segawa Moa,0,
うさぎのキューブ Game Channel,0,
ももちゃんねる,0,
鐘本響花 /Kanemoto Kyoka,0,
薄紅のMOA -DIVE LIVE JAPAN-,0,
久遠シイ/SiiKuon channel,0,
オバケハンター永ちゃんねる / アルハ永,0,
ょぅ🐏,0,
AMarinTV / 天海まりん,0,
AyaMina Games,0,
そそそP / SOSOSO-P,0,
半熟UFO - 全部俺バーチャルバンド,0,
ひだまりちゃんねる,0,
大神神社バーチャル,0,
Neonoah Ch. 碧生ねの,0,
Vlash,0,
夕凪機,0,
Juna Unagi Ch.,0,
美古途,0,
ルルン・ルルリカ,0,
杏戸ゆげ / Uge Channel【ななしいんく】,0,
龍惺ろたんちゃんねる,0,
shikisai,0,
天凱 蠱毒 / TengaiKodoku channel,0,
琥珀シャオCh. - Kohaku Shao -,0,
唄街しの,0,
島村シャルロット / Charlotte Channel【ななしいんく】,0,
眠井さつき,0,
氷夏至,0,
棘瓜ウバラ,0,
羊羊🐏meimei,0,
maŸUko,0,
碓氷ゆら / Yura Usui,0,
hololive DEV_IS FLOW GLOW,0,
桜あおい Aoi Sakura,0,
Hana Ch.心寧 はな,0,
てんてい@仮想転戯 -カソウテンギ-,0,
Doppio Dropscythe【NIJISANJI EN】,0,
歩音ティナ­­-Arune Tina­­-【ユニプロ】,0,
 宗谷いちか / Ichika Channel【ななしいんく】,0,
沢ところ,0,
縫針 茜 | Akane Nuibari,0,
円月るい -Rui Engetsu-,0,
しゅがりり【公式】,0,
超絶はおちー,0,
少女革命計画,0,
蛇宵ティア / Tier Channel【ななしいんく】,0,
飲闇もぐ / Yamuyami Mogu,0,
星宮るき * hoshimiya  ruki *,0,
chuchu / チュチュ･モモコ,0,
安社不実｡ / anSYAHU3.,0,
Écho -Pleiades Éclat-,0,
熊乃ベアトリーチェ / Kumano BearTrice,0,
IMI,0,
ヨノ-Yono,0,
CONA,0,
XIDEN,0,
Fra -Official-,0,
白嶺六花 / Shiramine Rikka,0,
ウルハ システィー / Uruha Sisty,0,
乃子-noko-☾·̩͙⋆新人Vsinger,0,
三軒しらべ　mitsunoki shirabe,0,
MagiNoChronus,0,
シェリン・バーガンディ -Shellin Burgundy- 【にじさんじ】,0,
天羽えと / Amane Eto,0,
[Noah],0,
Mahoro Ch.六月雪まほろ,0,
Requiem ch.,0,
白縫ねね,0,
エクラ＊タタン ecLatatant*【新人Vtuber×6】,0,
Eru CH.百目鬼える,0,
夜乃 つきみ,0,
やしま ゆえ / yue yasima,0,
夜乃白湯,0,
棲子むぎ🐭sumikko mugi,0,
neon,0,
fono ch.,0,
眩幻日すいむ‪ 𓈒𓏸mahorobi suimu,0,
甘葛すもあ,0,
永久不滅ゆるる,0,
眠兎ねる,0,
閃キララ,0,
Anime ch. 佐藤あにめ,0,
熊田くう - Kumada Kuu -,0,
みるきーのおしゃべりカフェ,0,
九月九日(Coconotsu Conoe),0,
時音ありす Tokine Alice Music ch.,0,
紅園マリア@新人Vtuber,0,
QQill,0,
色織ひな / shikiorihina,0,
十魔ルカ,0,
病又イア,0,
七海ロナ / Nanami Rona【パレプロ】,0,
Prima.Merill Ch,0,
Yohira ch. 渉海よひら,0,
橙里セイ / Sei Channel【ななしいんく】,0,
CV.ねおちゃん -neo tanaka-,0,
さんご。SangoCh.,0,
Sony Music (Japan),0,
棉花あめ,0,
公乃ポチ　kimino pochi,0,
Tsubaki Ch. 九娥つばき,0,
Pixela Official,0,
桃子味湯圓,0,
九九 | ichijiku Q (歌Ch.),0,
NoiR / NoWorld,0,
六原 小森 / rokuhara komori,0,
菊花はる (Kikka Haru),0,
Kaoru Ch. 侘寂薫,0,
kaza,0,
Marchen Melty || めるへん めるち,0,
常勝無敗ぐぬぬ / Makenashi Gununu,0,
菈比RABI【雛森ラビ 】Ch.,0,
萌実ちゃんねる / あおぎり高校,0,
Shade Ch. シェイド・グレイシア,0,
Syao.ch緑李しゃお,0,
逝方ふめい,0,
HONOKA Ch. 陽茅ほのか,0,
カルドウェルch.Kirk=KranK=Caldwel,0,
華鉈イオ【StellArt.】,0,
灰寝ニャビ,0,
haya na,0,
がおがおいんたーねっつ,0,
掻暗時 ちみ👁‍🗨,0,
獅子志司,0,
camila,0,
ni,0,
幽花いこい / Kasuka Ikoi,0,
Mikanzen Shojo Chan Ch. / 未完全少女ちゃん,0,
汐音ベリーちゃん Berry Ch,0,
ファム・ファタル - (f)EMME FATALE music-channel,0,
彼女なぉた -Naota- Ch.,0,
のんのんさいと,0,
鳥丸,0,
泡沫錯綜-utakatasakusou-stream,0,
TOFIE,0,
ヘスティアハピネス HESTIA HAPPINESS,0,
暁月ホタル AKATSUKI HOTARU,0,
maiteu,0,
夜乃くろむ / Yano Kuromu,1,
마지나이 쿠로카 Majinai Kuroka,0,
미도미도 마요 Midomido Mayo,0,
아카메 시아 Akame Siah,0,
雨宮スイ / Sui Amamiya,0,
瞼裏へるす,0,
雪ノ精くもち Yukinose Kumochi,0,
Kumoku Tsururu Ch. Lumina-World-End,0,
涼海ネモ / Nemo Channel【ななしいんく】,0,
Chio Chompi Ch.【PixelLink】,0,
Chiaki Katsumi Ch.【PixelLink】,0,
天使エル / Amatsuka Eru Ch. ,0,
木下ちぷる / Chipuru Ch,0,
亞生うぱる【VEE】,0,
笙嶋ことり Huejima Kotori,0,
Nene Amano Ch. 天野寧々,0,
Riki Poppet Ch. idol,0,
京藤スピネ / Kyofuji Spine,0,
ぽむ・めると🐏🌟,0,
Uru ch. 羽瑠流ウル,0,
天ノ羽うゆ /  Amanou_uyu ch.,0,
灯瀬焔 tomose homura,0,
音子宮ぽむ / nekomiya pom,0,
鈴神うたね / Suzukami Utane,0,
白傘くらげ,0,
鈴村たま,0,
Neru ch. 社ねる,0,
Reina Ronronea ch. 【globie】,0,
Taring Hu ch. タリンフー【globie】,0,
うどん粉ぽんず / Udon ko Ponzu,0,
薬師乃しの,0,
ぱらすと! 【公式】,0,
柑原あさひ,0,
ナノ / NANO,0,
NOA Talent,0,
ごまふろこちゃ / Gomafu Rokocha,0,
小鳥谷なの / Nano Kozuya,0,
月野木ちろる / Tirol Channel 【ななしいんく】,0,
マクセルイズミ,0,
アリシア・エクレール 【Alicia Éclair】,0,
花京院ちえり / Kakyoin Chieri,0,
Maria Ch. マリアブーゲンビリア,0,
LeeLey,0,
Mikage,0,
世界を滅ぼすカニch,0,
翠森アトリ Atori Ch.,0,
紫吹まゆ_クロマチックハーモニカ,0,
歯科衛生士見習いのしぇーらん,0,
水沢オペラ / Opera Ch.,0,
明鏡止水ふわり,0,
アカシ・ニコ,0,
カカ・エツボニール,0,
花萌葱スイハ,0,
ミルミカ映々,0,
文月カンナ,0,
時空転声ステラリズ / Stellarhyth,0,
玥Itsuki Channel,0,
Sinder,0,
おなつのにびたし / 化け猫お姉さんVTuber,0,
Hikone Ch.火之神ひこね,0,
🎀☁ Adore ch. 特上あどれちゃん,0,
ゾンビ田ゾン子,0,
猫音すず / Nekone Suzu ,0,
花鹿 める / Kajica Mel,0,
ろけっと５６０【ch💫 rocket560】,0,
舞弦ウラ - Mao Ura -,0,
Yuri Ch. 宮守ゆり,0,
Rosco Graves【FIRST STAGE PRODUCTION EN】 ,0,
Zander Netherbrand 【FIRST STAGE PRODUCTION EN】,0,
Lucien Lunaris【FIRST STAGE PRODUCTION EN】,0,
Dacapo Ch.【ARP】,0,
翠星アスト / Asuto Suiboshi,0,
rqmaddie,0,
Rina Lunette Ch.【SVP】,0,
FIRST STAGE PRODUCTION EN,0,
神無月鹿比 Kannazuki Lubee Ch.,0,
祈Iruni Channel,0,
超銀河レコード,0,
朔Sakuro Channel,0,
汐Seki Channel,0,
Perry Winkleton Ch. 【SVP】,0,
Goro Gaomi Ch. 白虎VTuber 【SVP】,0,
Lemi Lichen Ch. 【SVP】,0,
Usachi Yui Ch.【SVP】,0,
Tokaku~ん Ch.【SVP】,0,
Serena Starstruck Ch. 【SVP】,0,
空詩ぷるむ / Sorashi Purumu,0,
白兎ねむり / Shirato Ch.,0,
Warner Music Japan,0,
月下香幽芳YuFang,0,
無虚無眠,0,
UniVIRTUAL,0,
日向ましゅ / Mashu Channel【ななしいんく】,0,
Stellar Verse Pro,0,
Aegis-Link,0,
MaeFae【Aegis-Link】,0,
ライトのスターボーイチャンネル,0,
obkatiekat,0,
Apricot (Froot),0,
Tenma Ch. マエミ 天満 【Phase Connect】,0,
ちよみch. 千代浦蝶美 /あおぎり高校,0,
TRiGGERPHiSH【Aegis-Link】,0,
幽ヶ浦もち - Kasugaura Mochi -,0,
てらめたる学園,0,
Nai Channel ないちゃんねる,0,
Cinematic Neon Club,0,
四ッ谷やえ-Yotuya yae-,0,
甲海あお,0,
嚩ᴴᴬᴷᵁ,0,
囚獄レピ / Hitoya Repi,0,
夏宮らむね - Ramune Ch.,0,
香祇夜 碧葉 / Kagiya Aoba,0,
YOMI_Music,0,
ミナミイズミ / IZUMI MINAMI,0,
おなつのにびたし / Onatsu no nibitashi,0,
広田もか🐰🎧,0,
百瑠璃せいらん / MomoruriSeiran CH.,0,
日向奈央,0,
凪乃うみ / Nagino Umi,0,
メーメントヴァニタス / MEMENTOVANITAS,0,
憂月こはね / Yuzuki Kohane,0,
Topa Ch. 多帕,0,
瀬島るい / Rui Channel 【ななしいんく】,0,
天絆ささは / Sasaha Channel【ななしいんく】,0,
琶舞 -ʙᴇᴍᴀ-,0,
LITA Music,0,
Dyarikku,0,
未白 ch / mishiro,0,
茶楽田 ぼうる🥗🌽 / Salllad bowlll,0,
Winter Bouquet,0,
サルビア-Salvia-,0,
Flare Rune - フレアルーン,0,
蘭音Reine,0,
棺 ねむる☁,0,
宙の時刻表、最終便 / そらびん,0,
鈴鳴すばる🐶⚠️まりなす,0,
KASUKA_Music,0,
NERO Music,0,
堕天みろ / Miro Ch.,0,
余白_モノクローム⌇Yohaku_Ch.,0,
xoq,0,
煌月姫レイ,0,
深依 / Sea,0,
因幡はねる / Haneru Channel【ななしいんく】,0,
Plum 【HEXCODE CGS】,0,
夏宙彗,0,
Gilzaren III Season 2,0,
ゆにふぃ【公式】,0,
彗月るい,0,
花波-Kanami-,0,
梟雄しろや KyoyuShiroya / のりプロ所属,0,
燈明寺かぐら - Tomyoji Kagura -,0,
子鞠まゆ-KomariMayu,0,
みたにみく- 𝚅𝚃𝚞𝚋𝚎𝚛 -,0,
天狐てん / TenkoTen Ch.,0,
PuchikoCh.瑚羽ぷち,0,
星屑ぷらね / Planei Hoshikuzu,0,
朱名 / SHUNA,0,
ぴーこ / Piko,0,
Rei Ch. 悠針れい,0,
訛音屋 / Kaonya ,0,
CHiCO / CHiCO with HoneyWorks,0,
カカ・エツボニール【活動終了】,0,
かわうそ子 kawausoko,0,
ユプシロン | Yupsilon,0,
袴田律巴ch,0,
雪乃イト / Yukino Ito,0,
lemone ch. / レモネ・スクアーロ,0,
スイミー / Swimmy,0,
鈴花いのり - Suzuhana Inori -,0,
ななし,0,
疓田れか,0,
紫霞 ゆいな & あいな / Violet Haze,0,
Neuro-sama,0,
結月莉莉奈 Ririna Ch.,0,
羽壱まほ Maho Ch.【ぶいじだい】,0,
AKAGIMI,0,
Kanau Ch. 天染奏羽,0,
彩音ぽっぷ / Ayane Pop Ch. ,0,
ベルプロ / VEIL PROJECT,0,
鎖乙女がぶ / Saotome Gabu 【パレプロ研究生】,0,
にゃんたじあ!,0,
若紫まい,0,
Spica Ch. 真綿スピカ,0,
若魔陽エル,0,
Cosmic Radio Official,0,
所為,0,
帆波かのん Kanon Ch.,0,
Kinoko暁きのこ,0,
猫 The Sappiness / VSinger,0,
まじかる♡りかしちゃん@新人VTuber,0,
汐空なみり / Namiri Ch.,0,
不知名イヲ - Shirazuna Iwo - ,0,
五木つかさ -Itsuki Tsukasa -,0,
恋酔しゅか -Koyoi Syuka-,0,
エルシーElsea Music,0,
クインテ【公式】,0,
Xonebu X'thulhu Ch. Lumina-World-End,0,
若魔雲ふわり,0,
六道冥 -Rokudou Mei-,0,
Chikafuji Lisa,0,
Azato Ch. 赤魔アザト,0,
Merun Ch. 森野めるん,0,
諾鴉・奈菲墨【VerseLink】,0,
一縷世界 / Sekai Channel,0,
Rica Ch. / 花宮莉歌,0,
Vexoria The Sun Eater,0,
果宝,0,
이레인,0,
나나링 NANARING,0,
비몽 Beemong,0,
陵本なぎ Okamoto Nagi,0,
望月ほぐの / Hoguno Mochizuki,0,
윤이제 EZE,0,
諾恪里 Nokori,0,
恋白 るな / kohakuruna 【Vsinger】,0,
MeridianProject子午計畫,0,
希翁 / Chion Ch.,0,
黑泽诺亚NOIR,0,
小廻こま / Komawari Koma,0,
魔飴あま / Maame ama,0,
東雲ろん -Shinonome Ron-,0,
まりなる,0,
アステリズム,0,
レイラ・サマ-Layla Sama-,0,
水縹アオ / Mihanada Ao,0,
JinjaOwO,0,
Reφilm,0,
えん / neG,0,
夜語らう-Yogatari Rau-,0,
A.K.A.koharu🧡🍚暁雲 小陽,0,
光葉エニ,0,
シマハイイロギツネ / Island Fox,0,
瑠乃亜ひるね / Runoa Hirune【ベルプロ】,0,
心恋音むいる / Kokone Muiru【ベルプロ】,0,
鈴日奈ちゅの / Suzuhina Chuno【ベルプロ】,0,
TINA Music,0,
Hinata Ch. 天晴ひなた,0,
黒宝まりあ,0,
ごんまる。,0,
MONICO ch,0,
おろそか,0,
Zeal Ginjoka【NIJISANJI EN】,0,
BACARDI SOUND DISTILLERY,0,
眠雲ツクリ / NemukumoTsukuri,0,
雨夜リズ / Amayo Liz,0,
MAISONdes -メゾン・デ- / 日曜日のメゾンデ,0,
熊蜂えま / Kumahachi Ema,0,
飯田もえぎ / Moegi Channel,0,
葉月宙┊︎Hazuki Sora,0,
アルホシ-Aruhoshi-,0,
NiBOSHI🪐💜-にぼし-,0,
ゆう。,0,
莉犬くん【すとぷり】,0,
Nimi Nightmare,0,
若魔影ネオン,0,
りこえるちゃんねる_闇かわ×百合V character,0,
あおぎり高校 - Aogiri Vtuber High School,0,
KizunaAI - A.I.Channel,0,
【活動終了】アルバ・セラ / Alba Sera,0,
深影,0,
羽緒,0,
Cil -シル-,0,
LEWNE,0,
MEMESIA,0,
Derem Kado  - にじさんじ / NIJISANJI,0,
笹川真生 - Mao Sasagawa,0,
茜音カンナ / Canna Channel【ななしいんく】,0,
Karumi Aru Ch. / 花瑠海ある【AlEGO】,0,
Karasu Uri Ch. / 殻須うり【AlEGO】,0,
Chanoki Minon Ch. / 茶ノ木みのん【AlEGO】,0,
羽仁 まぬか / Honey Manuka / 新人VTuber,0,
Keroru ch. 矢毒けろる,0,
レトラ / Letora Utagawa 【ヴイアラ / 876プロ】,0,
Kon Pon Ch. こんぽんちゃんねる / Chu-which,0,
リリアチャンネル,0,
ハーミア・オデット,0,
Milky Queen Vsinger,0,
REVERBERATION,0,
五月雨空也 / Samidare Kuya,0,
Astraea,0,
朔栖まよ / Sakusu Mayo 🎷🍼,0,
杏夜 くもり - Anya Kumori -,0,
条波まえ,0,
Mia Muse Channel（ミアちゃんねる）,0,
ひなちはなまる,0,
酔眠はやね / Hayane,0,
syudou,0,
甘葛すもあ / Amazura Sumoa,0,
御景ツキ / mikage_tuki,0,
愛糖るう🐭💖Aidou_Ruu,0,
日花 もに -Hibana moni-,0,
七狼さくや / Nanao Sakuya,0,
マクドナルド公式（McDonald’s）,0,
堰代ミコ / Mico Channel【ななしいんく】,0,
枢オトギ,0,
NEMURI NEMU,0,
家入ポポ / Popo Channel【ななしいんく】,0,
Kaelix Debonair【NIJISANJI EN】,0,
Seible【NIJISANJI EN】,0,
Freodore【NIJISANJI EN】,0,
neiro ch. 音色はるか,0,
氷室カナデ / himuro kanade,0,
CONNECT V,0,
白音ゆき-Shirane Yuki-,0,
上水流 宇宙 / Cosmo Kamizuru 【ヴイアラ】【876プロ】,0,
深狼れんげ Mikami Renge,0,
言のハ - Cotonoha,0,
黑木,0,
無常りんり - Rinri Mujyou【201号室】,0,
みてるよみてる,0,
雛姫もね / Hinaki Mone,0,
水槽,0,
Kusumi Kyun,0,
わからせ ちょろ / Choro. ch,0,
虚ヰ めぐる,0,
蜂ノ瀬ミエル,0,
兎莉ゆに,0,
Neo-Porte,0,
真白にぃの / MashiroNiino,0,
夜詠 ねむ | Yonaga Nemu,0,
諸星 空 / 天 - TenKuuCh. -,0,
水兎ヨル,0,
 Shinengumivtg ch. 深淵組,0,
virtual former killer maid ベルチェンスカ・ハルピュリア,0,
澄羽いとか / SuwaItoka ch.,0,
魔戯カルマート,0,
珠白もち*MochiTamashiro,0,
KMNCLUB丨KMNZ YouTube Membership,0,
はこわけあみ 酔いどれホラーVTuber,0,
葉月宙 / Hazuki Sora,0,
TBB:帝子ボンボンちゃんねる　(TBB:Teikobonbon ch) ,0,
Tomoe Carmine Ch. トモエ・カーマイン【kawaii】,0,
心眠ねむね-Kokorone Nemune-,0,
竹雫まい / takeda mai,0,
Release - Topic,0,
KMNZ LIZ,0,
-Ichimaru Ichi -市丸イチ,0,
-Nemui channel-眠居 りぃこ,0,
-artist- memamo,0,
-かんなチャンネル-Kanna Channel,0,
Riona Ch. 響咲リオナ - FLOW GLOW,1,ホロライブ
Vivi Ch. 綺々羅々ヴィヴィ - FLOW GLOW,1,ホロライブ
Su Ch. 水宮枢 - FLOW GLOW,1,ホロライブ
Niko Ch. 虎金妃笑虎 - FLOW GLOW,1,ホロライブ
Chihaya Ch. 輪堂 千速 - FLOW GLOW,1,ホロライブ
紡木こかげ,1,ぶいすぽっ！
一ノ瀬うるは,1,ぶいすぽっ！
胡桃澤もも / kurumizawamomo,1,のりプロ
白雪みしろShirayuki Mishiro,1,のりプロ
