title,url,count
Gilzaren III RECOMMEND MUSIC 38,https://www.youtube.com/playlist?list=PLyducZQRtxGRnB4C-KuTvGgWe5jCDUAsA,145
Gilzaren III RECOMMEND MUSIC 37,https://www.youtube.com/playlist?list=PLyducZQRtxGTyYtlQ_1rC7qnIgP52oNpu,500
Gilzaren III RECOMMEND MUSIC 36,https://www.youtube.com/playlist?list=PLyducZQRtxGTBlruKZffgeHXb7xWc0av1,499
Gilzaren III RECOMMEND MUSIC 35,https://www.youtube.com/playlist?list=PLyducZQRtxGR8gssebwLir3M-pJGpX7jP,500
Gilzaren III RECOMMEND MUSIC 34,https://www.youtube.com/playlist?list=PLyducZQRtxGR_Ke_F9l4sSI6RYOZa7X82,500
Gilzaren III RECOMMEND MUSIC 33,https://www.youtube.com/playlist?list=PLyducZQRtxGR2eLr5mnl8Iyfh8OlBEOso,501
Gilzaren III RECOMMEND MUSIC 32,https://www.youtube.com/playlist?list=PLyducZQRtxGSaTHVx33DdJusmRV-0m9Yo,500
Gilzaren III RECOMMEND MUSIC 31,https://www.youtube.com/playlist?list=PLyducZQRtxGRUXVZZQZB-RbnZ5Gko8uP5,499
Gilzaren III RECOMMEND MUSIC 30,https://www.youtube.com/playlist?list=PLyducZQRtxGRCzthoejZ_E6ZpwCWXcbFo,501
Gilzaren III RECOMMEND MUSIC 29,https://www.youtube.com/playlist?list=PLyducZQRtxGQxoo2jdAAKTOhiovnjaWmZ,500
Gilzaren III RECOMMEND MUSIC 28,https://www.youtube.com/playlist?list=PLyducZQRtxGRrzzJhBwjdJmU4KRigKMui,499
Gilzaren III RECOMMEND MUSIC 27,https://www.youtube.com/playlist?list=PLyducZQRtxGSTDJyLswwEuXhYAAN4s78o,500
Gilzaren III RECOMMEND MUSIC 26,https://www.youtube.com/playlist?list=PLyducZQRtxGQ79v-bI9stzzZ46go9izB7,500
Gilzaren III RECOMMEND MUSIC 25,https://www.youtube.com/playlist?list=PLyducZQRtxGSlohHQ5g2uuredOSFxWela,500
Gilzaren III RECOMMEND MUSIC 24,https://www.youtube.com/playlist?list=PLyducZQRtxGQoOOTn3x9pDbFOeZVHPJ_9,499
Gilzaren III RECOMMEND MUSIC 23,https://www.youtube.com/playlist?list=PLyducZQRtxGTFRBFBEgrPHBGxTpfG1172,500
Gilzaren III RECOMMEND MUSIC 22,https://www.youtube.com/playlist?list=PLyducZQRtxGRy9pWy3YDMvyH8yrekycg0,498
Gilzaren III RECOMMEND MUSIC 21,https://www.youtube.com/playlist?list=PLyducZQRtxGSH5GqztEQWDl1dKbFzHeJJ,491
Gilzaren III RECOMMEND MUSIC 20,https://www.youtube.com/playlist?list=PLyducZQRtxGRwZ90UsR_Xc4X0CV_x-00c,489
Gilzaren III RECOMMEND MUSIC 19,https://www.youtube.com/playlist?list=PLyducZQRtxGQrmpqVM0riKjuDnNXqEeZf,482
Gilzaren III RECOMMEND MUSIC 18,https://www.youtube.com/playlist?list=PLyducZQRtxGR76TMpUVUS_MhVtyM3Ld1u,491
Gilzaren III RECOMMEND MUSIC 17,https://www.youtube.com/playlist?list=PLyducZQRtxGQMJiFYEZkmNLFrO4PBRDN9,491
Gilzaren III RECOMMEND MUSIC 16,https://www.youtube.com/playlist?list=PLyducZQRtxGQtSHwx7DVHHfJjSH-44p4s,496
Gilzaren III RECOMMEND MUSIC 15,https://www.youtube.com/playlist?list=PLyducZQRtxGQq_1B6NbxtWy8pGsyGolOS,488
Gilzaren III RECOMMEND MUSIC 14,https://www.youtube.com/playlist?list=PLyducZQRtxGQ4Mr3Z25sJ4bYiUWaKkwSj,490
Gilzaren III RECOMMEND MUSIC 13,https://www.youtube.com/playlist?list=PLyducZQRtxGRIW6d056jAKV_IO3H27U0g,489
Gilzaren III RECOMMEND MUSIC 12,https://www.youtube.com/playlist?list=PLyducZQRtxGSquJq_tABeBHXS6hfl_8Tb,478
Gilzaren III RECOMMEND MUSIC 11,https://www.youtube.com/playlist?list=PLyducZQRtxGRkFr6EzbuFvIfH-39yuZVb,475
Gilzaren III RECOMMEND MUSIC 10,https://www.youtube.com/playlist?list=PLyducZQRtxGQXobm5EfRAG3xzUhF59GTV,484
Gilzaren III RECOMMEND MUSIC 09,https://www.youtube.com/playlist?list=PLyducZQRtxGRiTnxzmk6MRghT5iO90reD,489
Gilzaren III RECOMMEND MUSIC 08,https://www.youtube.com/playlist?list=PLyducZQRtxGQXlt9gVII1AE25aHEsKsfG,489
Gilzaren III RECOMMEND MUSIC 07,https://www.youtube.com/playlist?list=PLyducZQRtxGQeAAaa42HCv1rdsbuRCs0H,482
Gilzaren III RECOMMEND MUSIC 06,https://www.youtube.com/playlist?list=PLyducZQRtxGRIgDJtGsbgKQ1mQizelO8o,483
Gilzaren III RECOMMEND MUSIC 05,https://www.youtube.com/playlist?list=PLyducZQRtxGQ0KBJZXokvcHCT0ZcBjrFX,477
Gilzaren III RECOMMEND MUSIC 04,https://www.youtube.com/playlist?list=PLyducZQRtxGRERtwb2y1H3IQj8T9AvQ2u,481
Gilzaren III RECOMMEND MUSIC 03,https://www.youtube.com/playlist?list=PLyducZQRtxGS53hKB8gURnZ8QA1RoC59a,467
Gilzaren III RECOMMEND MUSIC 02,https://www.youtube.com/playlist?list=PLyducZQRtxGQPRTtoHOibeBW1fxKttMYN,425
Gilzaren III RECOMMEND MUSIC 01,https://www.youtube.com/playlist?list=PLyducZQRtxGSMAgy4yL3jYJw3q44tPOI1,452
Gilzaren â…¢ Season 1,https://www.youtube.com/playlist?list=PLyducZQRtxGS3IzVD-3lfFSND24SbpRz7,13
Extra episode,https://www.youtube.com/playlist?list=PLyducZQRtxGS_CQFBUcM6-aMdg5jTPO-r,8
